Name,ICAO,IATA,CallSign,Country,Founded,Destinations,Fleet Size
Air Vanuatu,AVN,NF,AIR VAN,Vanuatu,1981,33,6
Atlantic Airways,FLI,RC,FAROELINE,Faroe Islands,1987,9,5
Express.Net Airlines,XNA,,EXPRESSNET,,1972,,4
Sabah Air,SAX,SA,SABAH AIR,Malaysia,1975,,12
Air Vega,,,,,2012,,1
Corporate Flight Management,VTE,,VOLUNTEER,,1982,,27
ExpressJet,ASQ,EV,ACEY,,1979,194,401
Hageland Aviation Services,HAG,H6,HAGELAND,United States,1981,76,33
Jota Aviation,ENZ,,ENZO,,2009,,7
Links Air,LNQ,W2,FASTLINK,,1983,2,3
MyTravelLite Airlines,MYL,VZ,MY LITE,,2002,10,4
Sabang Merauke Raya Air Charter,SMC,,SAMER,,1969,,
World Atlantic Airlines,WAL,K8,DORAL,,2002,,5
28th Air Detachment,BGF,,BULGARIAN,,1972,,5
Atlantic Express (airline),SBV,,RIPPLE,,1985,,2
Brock Air Services,BRD,,BROCK AIR,,1978,,2
Corsair International,CRL,SS,CORSAIR,France,1981,9,7
EZAir,EZR,EZ,EZ AIR,,2000,8,3
Hahn Air,HHN,HR,ROOSTER,Germany,1994,,
Joy Air,JOY,JR,JOY AIR,,2008,17,8
Trans-Florida Airlines,TFA,,TRANS FLORIDA,,1966,,2
WOW air,WOW,WW,WOW AIR,,2011,23,5
Brussels Airlines,BEL,SN,BEELINE,Belgium,2006,76,48
Hainan Airlines,CHH,HU,HAINAN,China,1989,90,147
TransGlobal Airways,TCU,T7,TRANSGLOBAL,,2005,7,2
Wright Air Service,WRF,8V,WRIGHT FLYER,United States,1967,11,14
2nd Arkhangelsk United Aviation Division,OAO,,DVINA,,1935,,3
Air VIA,VIM,VL,CRYSTAL,Bulgaria,1990,,3
Bryansk Air Enterprise,BRK,,BRAVIA,,,,
FAI rent-a-jet,IFA,F3,RED ANGEL,,1987,,21
Haïti Ambassador Airlines,HAM,,,,2002,,1
Jubba Airways,JUB,,JUBBA,,1998,9,3
Lion Air,LNI,JT,LION INTER,Indonesia,1999,79,104
Pascan Aviation,PSC,P6,PASCAN,,1999,16,26
SADELCA,SDK,,SADELCA,,,,1
Wright Airlines,WRT,FW,WRIGHT,,,,
Air Century,CEY,AY,CENTURYFLIGHT,,1990,25,14
Atlantic Star Airlines,,,,,2012,,0
Brymon Airways,BRY,BC,BRYMON,,1970,,48
Juneyao Airlines,DKH,HO,AIR JUNEYAO,China,2005,38,45
Lion Air Australia,,,,,2008,,9
Naganagani,BFN,,,,1984,,1
Passaredo Linhas Aéreas,PTB,P3,PASSAREDO,,1995,21,14
Southern Air,SOO,9S,SOUTHERN AIR,United States,1999,,11
748 Air Services,SVT,,,,1994,,6
Air Cess,ACS,,,,,,5
Atlantique Air Assistance,TLB,L5,TRIPLE ALPHA,,1989,,6
Cosmos Aviation,RLN,QL,AERO LANKA,,2002,7,1
Jupiter Airlines,JUA,,JUPITERAIRLINES LIMITED,,1996,5,
Nakanihon Air Service,NAS,,,,,,
SAEREO,SRO,MZ,SAEREO,,1994,5,4
Southern Air Charter,SOA,PL,SOUTH AIRCHARTER,Bahamas,1998,5,4
Transmile Air Services,RMY,TH,RAYA,Malaysia,1993,9,4
Xiamen Airlines,CXA,MF,XIAMEN AIR,China,,54,77
9 Air,JYH,AQ,,,2015,3,5
Air Ceylon,,AE,CEYLON,,,,3
Budapest Aircraft Service,BPS,,BASE,,1991,,5
Falcon Air Express,FAO,,PANTHER,,1995,,7
Nakina Air Service,,T2,,,,,9
TransNusa Air Services,TNU,,TRANSNUSA,,2005,,6
XiamenAir,CXA,MF,XIAMEN AIR,,,70,128
Atlantis European Airways,LUR,TD,ATLANTIS LINER,Armenia,2004,3,1
Buddha Air,BHA,U4,BUDDHA AIR,,1997,12,8
COTAIR,,,,,2008,2,2
Kabo Air,QNK,N9,KABO,Nigeria,1980,,3
Lions Air,LEU,,LIONSAIR,,1986,,2
NAM Air,NIH,IN,NAM,,2013,21,10
Pawan Hans,PHE,PH,PAWAN HANS,,1985,,46
Safair,SFR,FA,SAFAAIR,South Africa,1969,,10
XL Airways France,XLF,SE,STARWAY,,,53,7
Air Charter Africa,ACE,,,,,,1
Air West,AWZ,,,,1992,,9
Buffalo Airways,BFL,J4,BUFFALO,Canada,1970,,56
Cougar Helicopters,CHI,,COUGAR,,,,
Falcon Aviation Services,FVS,,FALCON AVIATION,,2006,,35
Kal Star Aviation,KLS,KD,KALSTAR,,,18,6
Litorânea,,,,,,,
Namibia Commercial Aviation,,,,,,,1
Payam Air,IRP,2F,PAYAMAIR,Iran; Islamic Republic of,1996,,
Safarilink Aviation,XLK,F2,SAFARILINK,,2004,,12
Southern Airways Express,LTD,,LIGHTSPEED,,2013,10,4
Air Whitsunday,RWS,,,,,6,6
Atlas Air,GTI,5Y,GIANT,United States,1992,101,57
Bukovyna Airlines,BKV,BQ,BUKOVYNA,,1999,,8
Nantucket Airlines,ACK,DV,ACK AIR,United States,,3,5
Safi Airways,SFW,,SAFI,,2006,6,3
Southern Skyways,,,,,1980,10,
Transportes Aéreos Bolivianos,BOL,,,,1977,4,3
Air Wisconsin,AWI,ZW,WISCONSIN,United States,1965,70,71
Bulgaria Air,LZB,FB,FLYING BULGARIA,Bulgaria,2002,26,13
Coyne Airways,COY,7C,COYNE AIR,United Kingdom,1994,18,4
Far Eastern Air Transport,FEA,FE,FAR EASTERN,,1957,10,8
Nasair,NAS,UE,NASAIRWAYS,Eritrea,2006,7,1
Transportes Aéreos Cielos Andinos,NDN,,ANDINOS,,2007,3,2
XOJET,XOJ,,EXOJET,,2006,,44
Air Charter Service,,,,,1990,,0
AtlasGlobal,KKK,KK,ATLASGLOBAL,,2001,22,18
Bulgarian Air Charter,BUC,H6,BULGARIAN CHARTER,Nigeria,2000,43,12
Farnair Hungary,FAH,,BLUE STRIP,,,,6
Peach (airline),APJ,MM,AIR PEACH,,2011,16,16
Transportes Aéreos Guatemaltecos,TGU,,CHAPIN,,1969,2,11
XpressAir,XAR,XN,XPRESS,,2003,37,12
Abaeté Linhas Aéreas,ABJ,,,,1994,3,2
Air Chathams,CVA,CV,CHATHAM,New Zealand,1984,6,9
Atlasjet,KKK,KK,ATLASJET,Turkey,,12,16
Farnair Switzerland,FAT,,FARNER,,,,15
Hangar 8,HGR,,HANG,,,,29
Kalitta Air,CKS,K4,CONNIE,United Arab Emirates,1967,,
Southwest Airlines,SWA,WN,SOUTHWEST,United States,1967,102,686
Xtra Airways,CXP,XP,CASINO EXPRESS,United States,1987,,5
Abakan-Avia,ABG,,ABAKAN-AVIA,,1992,,21
Air China,CCA,CA,AIR CHINA,China,1988,201,339
Atrak Air,ATR,AK,ATRAK,,2013,8,2
Bural,BUN,BU,BURAL,,1993,,13
Hangar8 plc,HGR,,HANG,,2002,,50
Locair,LOC,ZQ,LOCAIR,,1993,2,2
Pearl Air,PRL,,PEARL LINE,,2004,6,0
Yakutia Airlines,SYL,R3,AIR YAKUTIA,Russian Federation,2002,40,12
ABC Air Hungary,AHU,,ABC HUNGARY,,2005,,2
Air Zimbabwe,AZW,UM,AIR ZIMBABWE,Zimbabwe,1967,3,8
ATRAN,VAS,V8,ATRAN,Russian Federation,1942,,5
Buraq Air,BRQ,UZ,BURAQAIR,Libyan Arab Jamahiriya,2001,7,11
Crimea Air,CRF,OR,AIR CENTRAL,Japan,,,3
Loch Lomond Seaplanes,,,,,2004,2,2
Pearl Air Services,PBY,,PEARL SERVICES,,,,
Yamal Airlines,LLM,YC,YAMAL,Russian Federation,1997,37,26
Abelag Aviation,AAB,W9,ABG,Belgium,1964,,23
Air Choice One,WBR,,WEBER,,1979,9,9
Air2there,ATT,F8,AIRTOTHERE,,2004,3,4
Atruvera Aviation,AUV,,ATRUVERA,,1993,,
Burkina Airlines,BFR,,BURKLINES,,2003,,
Croatia Airlines,CTN,OU,CROATIA,Croatia,1989,27,12
Faso Airways,FSW,F3,FASO,Burkina Faso,2000,,2
Loganair,LOG,LM,LOGAN,United Kingdom,1962,31,29
National Airlines (N7),ROK,N7,RED ROCK,,,14,19
Pearl Airways,HPA,HP,PEARL AIRWAYS,Haiti,,,
Spark+,BVV,,SPARC,,1998,,16
Transportes Charter do Brasil,TCJ,,CHARTER BRASIL,,1994,,
Yanair,ANR,YE,YANAIR,,2012,6,5
ABS Jets,ABP,,BAIR,,2004,,12
Air Class Líneas Aéreas,QCL,VZ,ACLA,Uruguay,1996,,5
Airaia,ARC,,AIRAIA,,2001,27,57
Cronos Airlines,CRA,,,,2007,6,2
Fastjet,FTZ,FN,GREYBIRD,,2011,9,4
Logistic Air,,,,,,,
Pearl Aviation,ADA,,AIRCRAFT REGISTRATION / AUSCAL,,1964,,26
Sparrow Aviation,,,,,2010,,1
Yanda Airlines,,YE,,,1988,,4
AirAsia,AXM,AK,RED CAP,,1993,68,188
Audeli Air,ADI,,AUDELI,,,,3
Faucett Perú,CFP,CF,CHARLIE FOXTROT,,1928,17,
Salmon Air,MBI,S6,,,,3,4
Specair,LTS,,,,,,
Yangon Airways,AYG,YH,AIR YANGON,,1996,13,3
Abu Dhabi Amiri Flight,AUH,MO,SULTAN,,,,10
AirAsia India,IAD,I5,ARIYA,,2013,10,5
Business Aviation Center,BCV,UQ,BUSINESS AVIATION,,1996,,5
Federal Air,FDR,,FEDAIR,,1989,,17
National Airways,NTN,YJ,NATCHAIR,South Africa,,,34
Salsa d'Haiti,SLC,SO,SALSA,,,2,1
Specavia Air Company,BHV,,AVIASPEC,,1997,22,36
Yangtze River Express,YZR,Y8,YANGTZE RIVER,China,2003,8,12
Abu Dhabi Aviation,,,,,1975,,48
AirAsia Japan,WAJ,JW,WING ASIA,,,,5
FedEx Express,FDX,FX,FEDEX,United States,1971,375,649
Harbour Air,HES,H3,HARBOUR EXPRESS,,,12,39
London Executive Aviation,LNX,,LONEX,,1995,,27
Pegasus Airlines,PGT,PC,SUNTURK,Turkey,,97,64
Salsa d'Haïti,SLC,SO,SALSA,,2008,2,1
SpiceJet,SEJ,SG,SPICEJET,India,2005,41,34
Transwest Air,ABS,,ATHABASKA,,2000,7,37
Yemenia,IYE,IY,YEMENI,Yemen,1962,29,6
ABX Air,ABX,GB,A BEX,United States,1980,183,31
AirAsia Philippines,APG,PQ,COOL RED,,2010,12,10
Auric Air,AUK,UI,AURIC SERVICES,,2001,24,12
Feeder Airlines,FDD,,,,2007,6,2
Harbour Air Seaplanes,HES,,HARBOUR EXPRESS,,1982,8,55
National Airways Corporation (South Africa),NTN,YJ,NATCHAIR,,1946,,34
Pegasus Asia,MBB,ZM,AIR MANAS,,2006,7,2
Salt Air,,,,,1992,,5
Spirit Airlines,NKS,NK,SPIRIT WINGS,United States,1980,57,75
Air Contractors,ABR,AG,CONTRACT,Ireland,,,30
AirAsia X,XAX,D7,XANADU,Malaysia,2007,19,20
Aurigny Air Services,AUR,GR,AYLINE,United Kingdom,1968,11,10
Buzz Airways,VTE,,VOLUNTEER,,,3,4
Feel Air,,,,,2009,4,2
National Airways Ethiopia,,,,,2007,,
Pel-Air,PFY,QH,PELFLIGHT,,1984,,20
Salt Spring Air,,,,,2003,10,4
Spirit of Manila Airlines,MNP,SM,MANILA SKY,,2008,6,3
Transwisata Prima Aviation,TWT,,,,2000,,
AirAsia Zest,EZD,Z2,ZEST AIRWAYS,,1995,13,15
Aurora (airline),SHU,HZ,SATAIR,,,,
Crystal Thai Airlines,KPS,YL,CRYSTAL THAI,,2009,,0
Felix Airways,FXX,FO,FELIX,,2008,14,4
Longtail Aviation,LGT,,LONGTAIL,,1999,,5
National Airways Gabon,,,,,,,
Spring Airlines,CQH,9C,AIR SPRING,China,2004,34,52
Transworld Aviation,TWR,,TRANSWORLD,,,,1
Yeti Airlines,NYT,YT,YETI AIRLINES,,1998,10,7
Air Corsica,CCM,XK,CORSICA,France,1989,17,10
AirBaltic,BTI,BT,AIR BALTIC,Latvia,1995,60,25
CTK,CTQ,,CITYLINK,,1994,4,7
Fiji Airways,FJI,FJ,FIJI,,1947,17,8
Loong Air,CDC,GJ,HUALONG,,2012,25,12
Nationale Regionale Transport,NRT,,LA NATIONALE,,2002,9,2
SAM Intercontinental,MMT,,,,2008,,4
Spring Airlines Japan,SJO,IJ,JEY SPRING,,2012,4,3
Travel Service (airline),TVS,QS,SKYTRAVEL,,1998,46,36
Yuzhmashavia,UMK,2N,YUZMASH,Ukraine,1985,,6
ACM Air Charter,BVR,,BAVARIAN,,1992,,8
Airblue,ABQ,PA,AIRBLUE,,2003,13,12
Bylina (airline),BYL,,BYLINA,,2003,8,8
Cubana de Aviación,CUB,CU,CUBANA,Cuba,1929,20,20
Fiji Link,FJA,FJ,LINK FIJI,,2006,16,8
Hawaiian Airlines,HAL,HA,HAWAIIAN,United States,1929,40,53
Pelita Air Service,PAS,,PELITA,,1963,18,19
SprintAir,SRN,,SPRINTAIR,,2008,15,18
Travel Service (Hungary),TVL,,TRAVELLER,,2001,19,1
Zagros Airlines,IZG,ZV,ZAGROS,,2005,23,12
Air Costa,LEP,LB,LECOSTA,,,9,4
C&M Airways,RWG,,RED WING,,1983,,1
Custom Air Transport,CTT,5R,CATT,United States,1995,3,17
Fil-Asian Airways,RDV,R1,FILASIAN,,2011,,2
Hawkair,BHA,BH,HAWKAIR,,1994,5,4
LOT Charters,CLW,C0,CENTRAL WINGS,Poland,,,
Nationwide Airlines,NTW,CE,NATIONWIDE,,,8,17
Pem-Air,PEM,PD,PEM-AIR,,1970,,2
SriLankan Airlines,ALK,UL,SRILANKAN,Sri Lanka,,96,26
Travel Service (Slovakia),TVQ,,SLOVAKTRAVEL,,2010,27,2
Zagrosjet,GZQ,Z4,ZAGROSJET,,2005,7,
Air Côte d'Ivoire,VRE,HF,COTE D'IVOIRE,,2012,19,6
Cygnus Air,RGN,XG,CYGNUS AIR,,1994,3,2
LOT Polish Airlines,LOT,LO,LOT,Poland,1929,60,45
Samar Airlines,SMQ,,SAMAR AIR,,2004,,7
SriLankan AirTaxi,UL2,U9,AIR TAXI,,2010,15,2
Travel Service Polska,TVP,,JET TRAVEL,,2012,,2
Ad Astral Aviation,,AT,,,1986,,7
Air Creebec,CRQ,YN,CREE,Canada,1982,16,16
Aircalin,ACI,SB,AIRCALIN,New Caledonia,1983,11,4
Austral Líneas Aéreas,AUT,AU,AUSTRAL,Argentina,1957,22,22
HD Air Ltd,RPX,,RAPEX,,1992,,1
Nationwide Airlines (Zambia),NWZ,,ZAMNAT,,1991,,
PenAir,PEN,KS,PENINSULA,United States,1955,16,15
Sriwijaya Air,SJY,SJ,SRIWIJAYA,Indonesia,2003,43,38
Travira Air,TVV,TR,,,1983,,
Cabo Verde Express,CVE,,KABEX,,1998,7,3
Finist'air,FTR,,FINISTAIR,,1981,1,1
Heartland Airlines,,,,,1998,,0
Nature Air,NRR,5C,NATUREAIR,Costa Rica,1990,13,4
Samoa Air,SZB,,SAMOA,,2012,10,3
St Barth Commuter,SBU,PV,BLACK FIN,France,1995,20,4
Zambia Skyways,ZAK,K8,ZAMBIA SKIES,,,,
Aircompany ATMA,AMA,IM,ADIK,,1996,,
Australian air Express,XME,XM,JETEX,Australia,,15,8
Caicos Express Airways,CXE,,CAICOS,,2011,7,
Czech Airlines,CSA,OK,CSA,,1923,43,17
Penobscot Island Air,,,,,2004,4,4
SAN Ecuador,SAN,WB,AEREOS,,1964,2,0
Trigana Air Service,TGN,IL,TRIGANA,Indonesia,1991,21,15
ADC Airlines,ADK,Z7,ADCO,,1984,6,3
Aircraft Sales and Services Limited,ACS,,AIRCRAFT SALES,,1975,,5
Australian airExpress,XME,XM,QANTAS,,1992,15,8
Cairo Aviation,CCE,OE,,,,,3
Finnair,FIN,AY,FINNAIR,Finland,1923,88,71
Hebei Airlines,HBH,NS,HEBEI AIR,,2010,17,18
Nauru Air Corporation,RON,ON,AIR NAURU,Nauru,1970,4,
Pentastar Aviation,DCX,,TANGO,,1964,,
San Francisco and Oakland Helicopter Airlines,SFO,,,,,,
St. Petersburg,,,,,,,3
Tri-MG Intra Asia Airlines,TMG,GM,TRILINES,Indonesia,1973,3,9
ZanAir,TAN,B4,ZANAIR,,,7,6
Air Do,ADO,HD,AIR DO,,1996,10,13
Aircruising Australia,AIX,,CRUISER,,1983,,1
CSA Air,IRO,,IRON AIR,,1998,,29
Hebridean Air Services,,,,,1995,5,2
Lucky Air,LKE,8L,LUCKY AIR,China,2004,40,25
Nauru Airlines,RON,ON,AIR NAURU,,1970,7,5
People Express Airlines,PEX,PE,PEOPLE,,,50,75
Sansa Airlines,LRS,RZ,SANSA,,1978,12,6
Star Air,SRR,S6,WHITESTAR,Denmark,,,11
Adlair Aviation,,,,,1983,,5
Air Dolomiti,DLA,EN,DOLOMITI,Italy,,6,10
Daallo Airlines,DAO,D3,DAALLO AIRLINES,United Arab Emirates,1991,6,3
Heli Air,HLR,,WHISPER,,1986,,17
Luftfahrtgesellschaft Walter,BER,AB,AIR BERLIN,Germany,1980,,17
Navegacion y Servicios Aéreos Canarios,NAY,ZN,NAYSA,Spain,1969,,11
People Express Airlines (1980s),PEX,PE,PEOPLE,,,50,75
Santa Barbara Airlines,BBR,S3,SANTA BARBARA,Venezuela; Bolivarian Republic of,1995,4,11
Adria Airways,ADR,JP,ADRIA,Slovenia,1961,23,11
AirExplore,AXE,ED,GALILEO,,2010,,6
Firefly (airline),FFM,FY,FIREFLY,Malaysia,2007,19,19
Heli Air Monaco,MCM,YO,HELI AIR,Monaco,1976,,14
Lufthansa,DLH,LH,LUFTHANSA,Germany,1926,220,615
Nayzak Air Transport,NZA,M4,,,,,2
SAPSAN,,,,,2009,5,2
Star Air (Maersk),SRR,S6,WHITESTAR,,1987,,13
Tristar Air,TSY,YS,TRIPLE STAR,,1998,3,1
Adygea Airlines,MKP,,,,,,
Airfast Indonesia,AFE,FS,AIRFAST,,1971,,10
First Air,FAB,7F,FIRST AIR,Canada,1946,33,6
Heli Air Services,HLR,,HELI BULGARIA,,1990,,12
People's Viennaline,PEV,PE,PEOPLES,,2010,2,1
Saratov Airlines,SOV,,SARATOV AIR,,1931,6,12
Star Air Aviation,URJ,6S,STARAV,Pakistan,2000,7,3
Tropic Air,TOS,PM,TROPISER,Belize,1979,18,15
Zest Airways,EZD,Z2,ZEST,,,26,10
Aegean Airlines,AEE,A3,AEGEAN,Greece,1987,83,44
Air East,,,,,1967,,2
Austrian Airlines,AUA,OS,AUSTRIAN,Austria,1957,130,80
Daily Air,DAC,DA,,,1992,,6
Heli Holland,HHE,,HELI HOLLAND,,1976,,20
Lufthansa CityLine,CLH,CL,HANSALINE,Germany,1958,75,47
Neos,NOS,NO,MOONFLOWER,Italy,2001,33,8
Perimeter Aviation,PAG,YP,PERIMETER,Canada,1960,23,30
Saravia,SOV,6W,SARATOV AIR,Russian Federation,,10,11
Tropical Airways,TBG,M7,,,,6,4
Zhejiang Airlines,CJG,,ZHEJIANG,,,,
Aeolian Airlines,AOL,,AEOLIAN,,2011,,1
Airkenya Express,XAK,P2,SUNEXPRESS,Kenya,1987,12,9
Austrojet,AUJ,,AUSTROJET,,2008,,4
Neos (airline),NOS,NO,MOONFLOWER,,2001,73,9
TruJet,TRJ,,TRUJET,,2013,7,2
Zhetysu (airline),JTU,,,,1994,2,3
Aer Lingus,EIN,EI,SHAMROCK,Ireland,1936,82,48
Auvia Air,UVT,,AUVIA,,2004,,1
California Pacific Airlines,,,,,2009,7,1
First Flying,DAK,,,,1966,4,18
Helicol,HEL,,HELICOL,,1955,,
Lufthansa Regional,,,,,,83,57
Nepal Airlines,RNA,RA,ROYAL NEPAL,Nepal,1958,7,9
Peruvian Airlines,PVN,P9,PERUVIAN,,2007,9,12
Star Aviation,,,STAR AVIATION,,2001,,11
Zhezkazgan Air,KZH,,ULUTAU,,,3,5
Aer Lingus Regional,STK,EI,STOBART,Ireland,2010,20,13
Airlinair,RLA,AN,AIRLINAIR,France,1998,26,24
Calima Aviación,CMV,3C,CALIMA,,2003,,2
Dalian Airlines,CCD,CA,XIANGJIAN,,2011,5,8
First Nation Airways,FRN,,FIRST NATION,,2011,3,2
Helicopters (NZ),,,,,1955,,
Lufttransport,LTR,L5,LUFT TRANSPORT,Norway,1971,,24
Star Perú,SRU,2I,STAR-UP,Peru,1997,8,10
TUI Airlines Netherlands,TFL,OR,ARKE,Netherlands,2005,53,9
Air Europa,AEA,UX,EUROPA,Spain,1986,44,52
Airlines of Tasmania,ATM,FO,AIRTAS,Australia,1978,4,18
Calm Air,CAV,MO,CALM AIR,Canada,1962,13,18
Helijet,JBA,JB,HELIJET,,1986,,15
Neptune Air,NEP,N7,WARISAN,,1970,,3
TUIfly,TUI,X3,TUI JET,Tunisia,2007,39,40
Aéreo Calafia,CFV,,CALAFIA,,1993,13,14
Airlines PNG,TOK,CG,BALUS,Papua New Guinea,1987,28,22
Camair-Co,CRC,QC,CAMAIRCO,,2006,7,5
Dana Air,DAN,,DANACO,,2008,4,5
Fishtail Air,,,,,1997,,4
Luftverkehr Friesland-Harle,,,,,1983,,8
Nesma Airlines,NMA,NE,NESMA AIRLINES,,2010,,3
Starbow,IKM,S9,EASY SHUTTLE,,1995,4,3
TUIfly Nordic,BLX,6B,BLUESCAN,Sweden,1985,23,8
Cambodia Airlines,CCL,Y6,CAMBODIA,,1997,3,7
FitsAir,EXV,,EXPOAVIA,,1997,13,5
Lugansk Airlines,LHS,L7,ENTERPRISE LUHANSK,,,3,5
Petro Air,PEO,,PETRO AIR,,,,14
SATA Air Açores,SAT,SP,SATA,Portugal,1941,11,6
Starbow Airlines,IKM,S9,STARBOW,,,6,5
Tulpar Air,TUL,,,,2004,,13
Zimbabwe flyafrica.com,FZW,Z7,FRESH EXPRESS,,,5,5
Air Excel,XLL,,TINGA-TINGA,,1997,12,8
Airlink,LNK,4Z,LINK,South Africa,1995,31,37
Cambodia Angkor Air,KHV,K6,CAMBODIA,,,14,6
Danish Air Transport,DTR,DX,DANISH,Denmark,1989,,20
Heliswiss,HSI,,HELISWISS,,1958,,
Luhansk Airlines,LHS,L7,ENTERPRISE LUHANSK,,2003,3,5
NetJets,EJA,1I,EXECJET,United States,1986,,340
Petroleum Air Services,PER,PS,PAPA-ECHO-ROMEO,Indonesia,1982,,9
SATA International,RZO,S4,AZORES,Portugal,1990,24,9
StarFlyer,SFJ,7G,STARFLYER,Japan,2002,6,9
Zimex Aviation,IMX,C4,ZIMEX,Switzerland,1969,,22
Air Excellence,,,,,2002,,1
Avanti Air,ATV,,AVANTI AIR,,1994,6,2
Cambodia Bayon Airlines,BYC,BD,BAYON AIR,,2014,4,1
Flair Airlines,FLE,F8,FLAIR,,2005,,8
Helitours,HLT,,HELITOURS,,1979,13,16
Lukiaviatrans,,,,,1994,,
NetJets Europe,NJE,1I,FRACTION,Portugal,1996,,110
Petroleum Helicopters International,PHM,,PETROLEUM,,1949,,259
SATENA,NSE,9N,SATENA,Colombia,1962,38,15
Tunisair,TAR,TU,TUNAIR,Tunisia,,101,34
AVE.com,PHW,P3,PHOENIX SHARJAH,United Arab Emirates,1996,,7
DAP Helicópteros,DHE,,HELIDAP,,1989,,16
Flairjet,FLJ,,FLAIRJET,,2009,,5
Helitrans,HTA,,HELIDRIFT,,1990,,19
LUKoil-Avia,LUK,,LUKOIL,,1994,,7
Network Aviation,,NA,VARIOUS,,1998,18,14
Petropavlovsk-Kamchatsky Air Enterprise,PTK,,PETROKAM,,1948,,9
Starlink Aviation,TLK,Q4,STARLINK,,1981,,15
TunisAir Express,TUX,UG,TUNEXPRESS,,1991,12,4
Zircon Airways Benin,BZW,Z4,ZIRCON,,,,
Aero Africa,RFC,,AERO AFRICA,,2004,,4
Air Express Algeria,AEA,,AIR EXPRESS,,2002,,16
Airmark Indonesia,AIA,AI,AIRMARK,,1998,,1
Avensa,AVE,VE,AVENSA,,1943,41,37
Darwin Airline,DWT,F7,DARWIN,Switzerland,2003,15,10
Luxair,LGL,LG,LUXAIR,Luxembourg,1961,64,19
Tunisavia,TAJ,,TUNISAVIA,,1974,,8
Zonalnoye Air Enterprise,,,,,1992,,
Air Express Sweden,AEQ,,LUNA,,,,
AirMed,MCD,,AIRMED,,1985,,9
Luxaviation,LXA,,RED LION,,,,4
Philippine Airlines,PAL,PR,PHILIPPINE,Philippines,1935,45,37
Stewart Island Flights,,,,,2000,2,5
Air Express Tanzania,AEJ,ZG,KHAKI EXPRESS,,,,
AirNet Express,USC,,STAR CHECK,,1974,,89
Avia Express,SKX,JZ,SKY EXPRESS,,1940,,12
Canada Jetlines,,,,,2013,37,2
Luxor Air,LXO,,,,,,
New Central Airlines,CUK,,CHUOH AIR,,1978,4,5
Phoebus Apollo Aviation,PHB,PE,PHOEBUS,,1995,,3
Saudi Air Ambulance,,,,,2009,,7
Stobart Air,STK,RE,STOBART,,2014,25,14
Aero Benin,AEB,EM,AEROBEN,Benin,2002,,
Airnorth,ANO,TL,TOPEND,Australia,1978,23,11
Avia Traffic Company,AVJ,YK,ATOMIC,Kyrgyzstan,2003,16,5
Canadian Affair,CDN,,,,1995,,
Flight Alaska,TUD,4Y,TUNDRA,United States,1950,22,14
New Central Airservice,CUK,,CHUOH AIR,,1978,5,2
Phoenix Air,PHA,,,,1978,,
Saudi Red Crescent Authority,,HZ,RED CRESCENT,,2009,,7
Stout Air Services,,,,,,,
Turkish Airlines,THY,TK,TURKISH,Turkey,1933,280,298
Zoom Airways,ZAW,,ZED AIR,,2002,,2
AirNow,RLR,,RATTLER,,1957,,18
Flight Express,,,,,2004,,1
Lviv Airlines,UKW,5V,UKRAINE WEST,Ukraine,1992,,1
Phoenix Airways,,,,,2012,72,7
Saudia,SVA,SV,SAUDIA,Saudi Arabia,,126,146
STP Airways,STP,,SAOTOME AIRWAYS,,,3,2
Turkmenistan Airlines,TUA,T5,TURKMENISTAN,Turkmenistan,1992,23,33
Aero Caribbean,CRN,7L,AEROCARIBBEAN,Cuba,1983,17,7
Airpink,PNK,,AIR PINK,,2004,,6
Flight Express; Inc.,FLX,,FLIGHT EXPRESS,,,,84
Helvetic Airways,OAW,2L,HELVETIC,Switzerland,2003,34,14
LyddAir,LYD,,LYDDAIR,,1997,2,5
New England Airlines,NEA,EJ,NEW ENGLAND,United States,1970,2,7
Phoenix Aviation,PHG,P3,PHOENIX GROUP,,1996,4,10
Saudigulf,,,,,,3,4
Turku Air,,,,,1974,3,12
Aero Charter,UCR,DW,CHARTER UKRAINE,Ukraine,1997,3,4
Flight West Airlines,FWQ,YC,UNITY,,1987,34,16
New Gen Airways,VGO,E3,VIRGO,,2012,9,
Phongsavanh Airlines,LKA,,NAKLAO,,,,3
Saurya Airlines,,S1,SAURYA AIRLINES,,2014,5,1
Aero Charter DARTA,DRT,,DARTA,,,,7
Air Flamenco,WAF,F4,FLAMENCO,,1976,,12
Aviacon Zitotrans,AZS,ZR,ZITOTRANS,Russian Federation,1995,,6
Canadian North,MPE,5T,EMPRESS,Canada,1989,19,22
Lynx Air International,LXF,,LYNX FLIGHT,,1989,,0
New Japan Aviation,NJA,,SHIN NIHON,,1969,2,5
Phuket Air,VAP,9R,PHUKET AIR,Thailand,1999,,21
Stuttgarter Flugdienst,FFD,,FIRST FLIGHT,,,,
Tuva Airlines,TIV,,AIR TYVA,,1992,7,
Aero Cóndor,CDP,Q6,CONDOR-PERU,Peru,1975,,8
Flightlink,,,,,2004,9,3
Henan Airlines,KPA,VD,KUN PENG,,2006,,4
Piedmont Airlines,PDT,PT,PIEDMONT,United States,1962,47,38
Savanah Airlines,SNI,,SAVANAHLINE,,,,
T'way Airlines,TWB,TW,TEEWAY,,2010,18,10
Hermes Airlines,HRM,H3,HERMES,,2011,,4
Sawan Airlines,,,,,,,
Twin Cities Air Service,TCY,,TWIN CITY,,1992,2,5
Air France,AFR,AF,AIRFRANS,France,1933,204,235
FLN Frisia Luftverkehr,,,,,1969,,3
Pineapple Air,PNP,,PINEAPPLE AIR,,1999,8,5
SaxonAir,SXN,,SAXONAIR,,2007,,8
Sud Airlines,SDU,,SUD LINES,,,,1
Twin Jet,TJT,T7,TWINJET,France,2001,13,10
Aero Contractors (Nigeria),NIG,AJ,AEROLINE,Nigeria,1959,13,16
Air Freight NZ,AFN,OG,AIR FREIGHT,,1989,3,5
AirSprint,ASP,,AIRSPRINT,,2000,,13
Aviajet,,,,,1983,,
Canaryfly,CNF,PM,CANARY,,2010,9,4
Deccan Charters,DKN,DN,DECCAN,,1997,,11
Hesnes Air,HSG,,SKY DOLPHIN,,1992,,3
Pinnacle Airlines,FLG,9E,FLAGSHIP,United States,,,199
Sudan Airways,SUD,SD,SUDANAIR,Sudan,,24,5
two Fokker F27 Friendships,,,,,,,
AirStar Executive Airways,,,,,2004,,7
CanJet,CJA,C6,CANJET,Canada,2002,37,6
Deccan Lanka,DLK,,DEKKANLANKA,,,13,2
Hevilift,,IU,,,1994,,
Mack Air,,,,,,,
Piquiatuba Transportes Aéreos,,,PIQUIATUBA,,2005,8,4
Avialeasing,TWN,V2,TWINARROW,Uzbekistan,1992,4,2
Cape Air,KAP,9K,CAIR,United States,,36,89
Florida Coastal Airlines,FCL,PA,FLORIDA COASTAL,,1995,8,5
PlaneSense,CNS,,CHRONOS,,1995,,30
Summit Air,,,SUMMIT,,1987,,19
Tyrolean Jet Services,TJS,,TYROLJET,,1978,,10
Aero Ejecutivos,VEJ,,VENEJECUTIV,,2005,3,4
Air Gemini,GLL,,TWINS,,1999,,6
AirTanker Services,TOW,,TOWLINE,,2007,,12
Avianca,AVA,AV,AVIANCA,Colombia,1919,122,163
Delta Air Lines,DAL,DL,DELTA,United States,1924,334,722
Hex'Air,HER,UD,HEX AIRLINE,France,1991,5,3
MacRobertson Miller Airlines,,MV,MILLER,,1927,,
Newmans Air,NZA,ZQ,ANZA,,,,4
Planet Airways,PLZ,,PLANET,,1995,,
Scandinavian AirAmbulance,DFL,,MEDIFLIGHT,,,,19
Sun Air (Sudan),SNR,,SUN GROUP,,2008,,3
U Airlines,ULG,YL,UNICORN,,2012,,
Aero Express Del Ecuador,RTM,,AERO TRANSAM,,,,1
Air Georgian,GGN,ZX,GEORGIAN,Canada,1994,,20
Air-taxi europe,TWG,TZ,TWINGOOSE,,,,4
Avianca Brazil,ONE,O6,OCEAN AIR,Brazil,1998,24,51
Hi Fly (airline),HFY,5K,SKY FLYER,Portugal,2006,,12
Nex Aviation,,,,,2007,,2
Platinum Air Linhas Aéreas,PLJ,P2,PLATINUMJET,,2007,,1
Scandinavian Airlines,SAS,SK,SCANDINAVIAN,Sweden,1946,104,139
Sun Air Express,FDY,,FRIENDLY,,,8,12
Uair,,UE,,,,,
Air Glaciers,AGV,7T,AIR GLACIERS,Switzerland,1965,,29
Florida West International Airways,FWL,RF,FLO WEST,United States,1981,2,1
Hi Fly Malta,HFM,5M,MOONRAKER,,2013,,
Madina Air,MDH,,MADINA,,2009,,2
Nextjet,NTJ,2N,NEXTJET,Sweden,2002,19,17
Platinum Airlines,,,,,,,2
Scandjet,,,,,2002,,
Sun Air of Scandinavia,SUS,EZ,SUNSCAN,Denmark,,9,11
Avianca Costa Rica,LRC,LR,LACSA,,1945,35,44
Delta Connection,,,,,,,452
Flugdienst Fehlhaber,FFG,,WITCHCRAFT,,,,3
NHT Linhas Aéreas,NHG,N7,HELGA,,,15,6
Scat Aircompany,VSV,DV,VLASTA,Kazakhstan,,19,5
Sun Country Airlines,SCX,SY,SUN COUNTRY,United States,1982,34,20
Uganda Airlines,UGA,QU,UGANDA,Uganda,,8,
Air Grand Canyon,,,,,1979,1,12
Avianca Ecuador,GLG,,AEROGAL,,1985,10,9
Capitol Air,,CL,,,,,
Delta Connection (Kenya),DCP,Z9,NILECAT,,2004,,1
Flugfélag Vestmannaeyja,FVM,,ELEGANT,,1983,2,4
SCAT Airlines,VSV,DV,VLASTA,,1997,33,32
Sun d'Or International Airlines,ERO,7L,ECHO ROMEO,Israel,,27,3
Aero Lanka,RLN,QL,AERO LANKA,Sri Lanka,,6,2
Avianca El Salvador,TAI,TA,TACA,,1931,50,44
Cardig Air,CAD,,CARDIG AIR,,2004,,3
Fly 6ix,,,FLYSIX,,2010,4,1
Himalaya Airlines,HIM,H9,HIMALAYA,,2014,,2
PLUS Expressways,,,PLUS,,2010,,8
Scenic Airlines,SCE,YR,SCENIC,,1967,,16
Sunair,SAV,,SUNAIR,,1991,10,15
Ukraine Air Alliance,UKL,,UKRAINE ALLIANCE,,1992,,6
Air Greenland,GRL,GL,GREENLAND,Denmark,1960,67,32
Airtransse,TSQ,,AIRTRA,,1997,,
Avianca Honduras,ISV,WC,ISLENA,,1981,4,4
CareFlight,CFH,,CAREFIGHT,,1986,,7
Delta Private Jets,DPJ,,JET CARD,,1984,,68
Fly Advanced,VNX,,VANCE,,2009,,12
Nigeria Airways,NGA,WT,NIGERIA,,1958,9,
Sun-Air of Scandinavia,SUS,EZ,SUNSCAN,,1978,14,14
Ukraine Air Enterprise,UKN,,ENTERPRISE UKRAINE,,1996,,2
Aero Majestic Airways,AMA,,,,2010,,4
Avianca Nicaragua,NIS,W8,LACOSTENA,,,10,13
Denim Air,DNM,J7,DENIM,Netherlands,1996,,42
Hinterland Aviation,HND,OI,HINTERLAND,,1984,5,11
Nightexpress,EXT,,EXECUTIVE,,1984,,3
Pobeda (airline),PBD,DP,POBEDA,,2014,12,12
Sundance Air Venezuela,SUV,,DANCEAIR,,2000,2,3
Ukraine International Airlines,AUI,PS,UKRAINE INTERNATIONAL,Ukraine,1992,80,32
Aero Mongolia,MNG,M0,AERO MONGOLIA,Mongolia,2002,14,4
Airumbria,UMB,,,,1992,,
Deraya Air Taxi,DRY,,DERAYA,,1967,,10
Niki (airline),NLY,HG,NIKI,Austria,2003,50,22
Scoot,SCO,TZ,SCOOTER,,2011,15,9
Sunday Airlines,VSV,DV,VLASTA,,2013,,5
Airwaves Airlink,WLA,,AIRLIMITED,,,1,1
Fly Europa,FEE,,FLY EURO,,,,
Magic Blue Airlines,MJB,,MAGIC BLUE,,2004,,
Nikolaevsk-Na-Amure Air Enterprise,,,,,,,
Sundsvallsflyg,GAO,DC,GOLDEN,,,3,1
Aero Services Executive,BES,W4,BIRD EXPRESS,France,,,12
Air Guyane Express,GUY,GG,GREEN BIRD,French Guiana,2002,3,9
HK Express,HKE,UO,HONGKONG SHUTTLE,,2004,23,12
Magnicharters,GMT,UJ,GRUPOMONTERREY,Mexico,1994,7,10
Nile Air,NIA,NP,NILEBIRD,,2008,13,4
Sundt Air,MDT,,MIDNIGHT,,1997,,6
Aero Slovakia,ASO,,AERO NITRA,,1992,,34
Fly Guam,,,,,2008,5,1
Hokkaido Air System,NTH,,NORTH AIR;AIR SYSTEM,,1997,6,3
Polar Airlines,RKA,PI,AIR SAKHA,,1997,20,56
SunExpress,SXS,XQ,SUNEXPRESS,Turkey,1989,107,71
Air Hamburg,AHO,HH,AIR HAMBURG,,1997,4,12
Airwing,NWG,,NORWING,,2004,3,5
Hokkaido International Airlines,ADO,HD,AIR DO,Japan,1998,11,10
Mahan Air,IRM,W5,MAHAN AIR,Iran; Islamic Republic of,1991,61,57
Seaborne Airlines,SBS,BB,SEABORNE,Virgin Islands; U.S.,,15,10
SunExpress Deutschland,SXD,XG,SUNRISE,,2010,20,17
Ultimate Air Shuttle,UJC,UE,ULTIMATE,,,7,9
Air Harrods,WDK,,WOODSTOCK,,,,
Airwork,AWK,,AIRWORK,,1936,,20
Aviastar (Indonesia),VIT,MV,AVIASTAR,,2003,30,4
Fly Jamaica Airways,FJM,OJ,GREENHEART,,2011,4,2
Mahfooz Aviation,MZS,M2,MAHFOOZ,,,,1
Porter Airlines,POE,PD,PORTER,Canada,2006,21,26
Sunrise Airways,KSZ,S6,,,2010,14,3
UM Airlines,UKM,UF,UKRAINE MEDITERRANEE,Ukraine,1998,6,5
Aviastar-TU,TUP,4B,TUPOLEVAIR,Russian Federation,2004,,5
Dexter Air Taxi,DXT,,DEXTER,,2006,,58
Mainland Air,MLD,MD,MAINLAND,,1991,2,19
Nobil Air,NBL,,NOBIL AIR,,2003,,
Portugália,PGA,NI,PORTUGALIA,Portugal,1988,23,14
Sunshine Express Airlines,EXL,CQ,SEA,Australia,1998,,3
Uni Air,UIA,B7,GLORY,Taiwan; Republic of China,1998,27,16
Aero VIP (Portugal),RVP,WV,AEROVIP,,,2,17
Aviateca,GUG,GU,AVIATECA,,1929,3,3
DHL Aero Expreso,DAE,D5,YELLOW,Panama,1996,,6
HolidayJet,GSW,GM,EIGER,,2015,,
Seair Pacific,,,,,1985,7,8
Sunstate Airlines,QLK,QF,Q LINK,Australia,1981,23,31
AIS Airlines,PNX,IS,SPINNER,,2009,,8
Aviation Beauport Ltd,AVB,,BEAUPAIR,,1969,,4
DHL Air UK,DHK,D0,WORLD EXPRESS,United Kingdom,1982,,26
Fly My Sky,,,,,2007,3,5
Mais Linhas Aéreas,MLI,,DEMAIS,,2010,,2
Nok Air,NOK,DD,NOK AIR,Thailand,2004,25,25
Seair Seaplanes,SS1,,SEAIR,,1980,8,12
United Airlines,UAL,UA,UNITED,United States,1926,375,718
Air Hong Kong,AHK,LD,AIR HONG KONG,China,1986,12,13
Ak Bars Aero,BGM,,BUGAVIA,,1953,10,16
Aviator Airways,AVW,,AVIATOR,,,,3
DHL de Guatemala,JOS,L3,,Guatemala,1991,,1
Makalu Air,,,,,2009,,2
NokScoot,NCT,XW,BIG BIRD,,2015,3,3
SeaPort Airlines,SQH,K5,SASQUATCH,,,22,16
Sunwest Aviation,CNK,,CHINOOK,,,,46
United Airways,UBD,4H,UNITED BANGLADESH,Bangladesh,2005,12,11
Aviatrans Kiev,KCA,KI,TRANS KIEV,,,,3
Caribair,CBC,B9,CARIBAIR,Dominican Republic,1983,26,18
DHL Ecuador,RTM,,AERO TRANSAM,,1991,2,1
Hong Kong Air International Ltd,,HI,COPTAIR,,,,5
Malawian Airlines,MWI,,MALAWIAN,,,6,2
Nolinor Aviation,NRL,,NOLINOR,,1992,,10
Precision Air,PRF,PW,PRECISION AIR,Tanzania; United Republic of,1993,9,10
Section Liaison Air Yaoundé,,,,,,,1
Sunwing Airlines,SWG,WG,SUNWING,Canada,2005,73,38
Aeroasis,,,AEROASIS,,2006,,
Aklak Air,AKK,6L,AKLAK,Canada,1977,,
Aviavilsa,LVR,,AVIAVILSA,,1999,,3
DHL International Aviation ME,DHX,ES,DILMUN,Bahrain,1979,,7
Fly Tiwi,,FT,,,2008,9,30
Hong Kong Airlines,CRK,HX,BAUHINIA,China,2006,32,25
Kalitta Charters,KFS,K9,KALITTA,United States,,,22
Malaysia Airlines,MAS,MH,MALAYSIAN,,,60,93
Premiair,,,,,1989,,
See Aircraft below,,,,,,,
United Express,,,,,1985,,566
AeroBratsk,BRP,,AEROBRA,,1967,5,5
Air Iceland,FXI,NY,FAXI,Iceland,1997,13,8
Al Anwa Aviation,,,,,,,1
Di Air,DIS,,DI AIR,,,,7
Fly Wex,IAD,6P,FLYWEX,Italy,2001,,1
Kalstar Aviation,KLS,KD,KALSTAR,,2000,18,13
Malaysia,MSA,ML,MALAYSIAN,,1966,,13
Noordzee Helikopters Vlaanderen,,,,,1997,,
Premier Executive Transport Services,,,,,,,1
See Fleet information below,,,,,,,
Sunny Airways,SUW,,SUNNY,,2010,2,1
Al Jaber Aviation,LJB,JB,HELIJET,Canada,,,2
Avies,AIA,U3,AVIES,,1991,12,11
Caribbean Airlines,BWA,BW,CARIBBEAN AIRLINES,Trinidad and Tobago,2006,19,21
Diamond Executive Aviation,WKT,,WHITE KNIGHT,,2006,,12
Hong Kong Express Airways,HKE,UO,HONGKONG SHUTTLE,China,2004,13,5
Kaltim Airlines,,,,,2011,4,3
Nor-Alta Aviation,,LT,,,1986,,8
Premium Air Shuttle,EMI,,BLUE SHUTTLE,,,,3
Semeyavia,SMK,E8,,,,2,3
Superior Airways,,,,,2003,,8
Aerocardal,CDA,,AEROCARDAL,,1991,,3
Air Incheon,,KJ,AIR-INCHEON,,2012,4,2
Aviogenex,AGX,JJ,GENEX,Serbia,1968,,1
Caribbean Helicopters,,,,,1995,,
Diexim Expresso,,,,,2003,5,6
Fly540,FFV,5H,SWIFT TANGO,Kenya,2006,16,11
Kam Air,KMF,RQ,KAM AIR,Afghanistan,2003,11,8
Maldivian (airline),DQA,Q2,ISLAND AVIATION,Maldives,2000,22,15
Superior Aviation,HKA,SO,SPEND AIR,United States,1979,,8
United p.s.,UAL,UA,UNITED,,2004,,
Air India,AIC,AI,AIRINDIA,,1930,85,108
Al Rida Airways,LRW,,AL RIDA,,,,
HOP!,HOP,A5,AIR HOP,,2013,50,104
Senegal Airlines,SGG,DN,SENEGAL AIR,,2009,7,5
Surf Air,URF,,SURFAIR,,,12,11
Uni-Top Airlines,UTP,UW,UNITOP,,2009,3,10
Aerochaco,PRV,VM,AEROCHACO,,2008,6,4
Al Sayegh Airlines,,,,,2008,,6
Avion Express,NVD,X9,NORDVIND,,,,11
Caribintair,CRT,,CARIBINTAIR,,1989,5,7
FlyBaghdad,FBA,IF,,,,,
Horizon Air,QXE,QX,HORIZON,United States,1981,45,51
Kan Air,KND,K8,KAN AIR,,2010,14,4
Nordavia,AUL,5N,ARCHANGELSK AIR,Russian Federation,,21,9
Presidential Airways (charter),,,,,,,
Sepahan Airlines,SPN,,SEPAHAN,,2010,,5
Surinam Airways,SLM,PY,SURINAM,Suriname,,9,4
Air India Express,AXB,IX,EXPRESS INDIA,India,2004,26,17
Caricom Airways,CRB,,CARIBBEAN COMMUTER,,2004,67,7
Flybe,BEE,BE,JERSEY,,1979,102,70
Kang Pacific Airlines,KPA,T7,KUN PENG,China,2006,3,1
Servant Air,,,,,2003,7,
Susi Air,SQS,SI,SKYQUEEN,,2004,168,49
Air India Regional,LLR,CD,ALLIED,India,1996,25,12
Avioquintana,AQT,,AVIOQUINTANA,,1997,,2
Hornbill Skyways,,,,,1977,,14
KAPO Avia,KAO,G7,KAZAVIA,,2001,,
Nord-Flyg,NEF,,NORDEX,,1952,,4
Servicio Aéreo Ejecutivo,SEJ,,EJECUTIVO PERU,,,,
Sverigeflyg,GAO,DC,BRAATHENS,,2001,16,
Up (airline),ELY,LY,EL AL,,2013,6,5
Aerocon,AEK,A4,AEROCON,,2005,14,9
Air Indus,MPK,I6,AIR INDUS,,2010,10,6
Alada,RAD,,AIR ALADA,,1995,,9
Avior Airlines,ROI,9V,AVIOR,Venezuela; Bolivarian Republic of,1994,15,15
Carpatair,KRP,V3,CARPATAIR,Romania,1999,2,3
Höga Kusten Flyg,GAO,HK,GOLDEN,,2007,2,1
Mali Air,MAE,,MALI AIREXPRESS,,,,
Servicios Aéreos Profesionales,PSV,5S,PROSERVICIOS,Dominican Republic,1981,31,17
SVG Air,SVG,,GRENADINES,,1990,,
Aviostart,VSR,,AVIOSTART,,1999,,3
Casa Air Service,,,,,1995,,
Flydubai,FDB,FZ,SKY DUBAI,,2008,94,50
Mali Air Express,VXP,,,,2005,,2
SW Business Aviation,ESW,,W-BUSINESS,,2007,,8
UPS Airlines,UPS,5X,UPS,United States,1988,727,237
Air Inuit,AIE,3H,INUIT,Canada,,22,28
Alajnihah Airways,ANH,,ALAJNIHAH,,,,1
Divi Divi Air,DVR,DI,DIVI AIR,,2001,2,4
FlyEasy,,YZ,,,,,1
Hunnu Air,MML,MR,TRANS MONGOLIA,,2011,8,3
Karibu Airways,,,,,,,
Mali Air Transport,,,,,,,1
Prima Charter,FFP,,FLYING FISH,,2003,,
Swanberg Air,,,,,,10,
Aerodavinci,DVI,,AERO DAVINCI,,1997,4,
Air Italy,AEY,I9,AIR ITALY,,2005,,12
Caspian Airlines,CPN,IV,CASPIAN,Iran; Islamic Republic of,1993,20,5
Djibouti Air,,DA,,,2011,2,1
Karinou Airlines,KRN,U5,,,,10,2
Mali Airways,MTZ,Z8,MALI AIRWAYS,Mali,,,
Servivensa,SVV,VC,SERVIVENSA,,1990,,3
Ural Airlines,SVR,U6,SVERDLOVSK AIR,Russian Federation,1943,40,34
Aero-Dienst,ADN,,AERODIENST,,1958,,13
Avolar,VLI,V5,AVOLAR,,2005,17,8
Caspiy,TLG,,,,,,5
IBC Airways,CSQ,II,CHASQUI,United States,1991,13,19
Malift Air,MLC,,MALILA,,1995,,3
SETE Linhas Aéreas,SLX,,SETE,,1999,18,8
Swaziland Airlink,SZL,SA,SWAZILINK,Swaziland,1999,2,1
Urumqi Air,CUH,UQ,LOU LAN,,2014,3,4
Aerofan,CFF,,AEROFAN,,,,
AvWest,,,,,2002,,6
Castle Air,,,CASTLEFILM,,1979,,23
Dniproavia,UDN,Z6,DNIEPRO,Ukraine,1996,16,13
Iberia (airline),IBE,IB,IBERIA,Spain,1927,109,128
Karthago Airlines,KAJ,5R,KARTHAGO,Tunisia,2001,3,1
Nordic Regional Airlines,WBA,N7,FINNCOMM,,2011,35,26
Prime Aviation,PKZ,,PRAVI,,,,
US Airways,AAL,AA,AMERICAN,United States,1937,193,338
Aeroflot,AFL,SU,AEROFLOT,Russian Federation,1923,129,161
Alaska Airlines,ASA,AS,ALASKA,United States,1932,104,145
Awan Inspirasi,,,,,2006,,4
Castle Aviation,CSJ,,CASTLE,,,,12
Iberia Express,IBS,I2,IBEREXPRES,,2011,22,20
Malindo Air,MXD,OD,MALINDO EXPRESS,,2012,31,24
Primera Air,PRI,PF,PRIMERA,,2003,,8
Severstal Air Company,SSF,D2,,,,,13
SwedJet Airways,BBB,VD,BLACKBIRD,,,,
US Airways Express,,,VARIOUS,,1967,140,278
Alaska Central Express,AER,KO,ACE AIR,United States,1996,35,7
Axis Lines International,,O8,,,,,
Ibertrans Aérea,IBT,,IBERTRANS,,1991,,4
KAS Air Company,KSD,KW,AEROKAS,,,,
NordStar,TYA,Y7,TAIMYR,,2009,45,15
Swift Air,SWQ,WQ,SWIFTFLIGHT,United States,1997,,9
US Airways Shuttle,AAL,,AMERICAN,,1961,,
Aeroflot-Plus,PLS,P3,AEROPLUS,,1996,,5
Air Japan,AJX,NQ,AIR JAPAN,Japan,1990,15,30
Alaska Coastal Airlines,,,,,1939,,
Ayit Aviation and Tourism,AYT,0,AYIT,Israel,1985,2,8
Cathay Pacific,CPA,CX,CATHAY,China,1946,177,187
Dobrolet Airlines,DOB,G2,DOBROLET,,,,
Ibex Airlines,IBX,FW,IBEX,Japan,1999,11,10
Malmö Aviation,SCW,TF,SCANWING,Sweden,1981,16,11
Nordwind Airlines,NWS,N4,NORDLAND,,2008,,20
Prince Aviation,PNC,,PRINCE,,1990,,11
SF Airlines,CSS,O3,SHUN FENG,,2009,,19
Dolphin Air,FDN,ZD,FLYING DOLPHIN,United Arab Emirates,1996,,2
Icar Air,RAC,,TUZLA AIR,,2000,,1
Swiftair,SWT,WT,SWIFT,Spain,1986,,41
USA Jet Airlines,JUS,UJ,JET USA,United States,1994,,11
Aerogaviota,GTV,KG,GAVIOTA,Cuba,1994,,22
Air Kasaï,,,,,1983,21,5
Azerbaijan Airlines,AHY,J2,AZAL,Azerbaijan,1992,53,32
Caucasus Airlines,SRJ,NS,CAUCASUS,,,,
Kaya Airlines,KYY,IK,KAMOZ,,1991,11,6
Manang Air,,,,,,,1
Norfolk Island Airlines,,,,,,,
Princely Jets,PJP,,PRINCELY JETS,,,8,6
Shaheen Air,SAI,NL,SHAHEEN AIR,Pakistan,1993,22,21
Aerogem Aviation,GCK,,AEROGEM,,,20,10
Azman Air,,,,,2010,5,2
Shandong Airlines,CDG,SC,SHANDONG,China,1994,60,90
Swiss European Air Lines,SWU,LX,EUROSWISS,Switzerland,,,20
US-Bangla Airlines,UBG,BS,BANGLA STAR,,2013,8,3
Aerogryf,GRF,,AEROGRYF,,,,
Air KBZ,KBZ,K7,JADE AIR,,2010,14,8
AlbaStar,LAV,JQ,ALBASTAR,Venezuela; Bolivarian Republic of,2009,,4
Azmar Airlines,JIB,,AZMAR,,2005,9,3
Cayman Airways,CAY,KX,CAYMAN,Cayman Islands,,12,7
Kaz Air Trans,KUY,,KAIGA,,2012,,1
Manchuria Aviation Company,,RH,,,1932,,
Norlandair,FNA,,NORLAND,,2008,5,5
PrivatAir,PTI,PV,PRIVATAIR,,1977,13,8
Shanghai Airlines,CSH,FM,SHANGHAI AIR,China,1985,140,87
Swiss Global Air Lines,SWU,,EUROSWISS,,2005,36,17
UTair Aviation,UTA,UT,UTAIR,,1967,72,65
Air Kiribati,AKL,4A,KIRIBATI,Kiribati,1995,17,2
Icelandair,ICE,FI,ICEAIR,Iceland,1937,39,26
Swiss International Air Lines,SWR,LX,SWISS,Switzerland,2002,106,83
Aeroland Airways,AEN,,AEROLAND,,2005,,5
Azul Brazilian Airlines,AZU,AD,AZUL,Brazil,2008,99,148
Cebgo,SRQ,DG,BLUEJAY,,1995,14,8
Donavia,DNV,D9,DONAVIA,Russian Federation,2000,20,11
FlyMe (Maldivian airline),VQI,VP,VILLA AIR,,,3,2
Mandarin Airlines,MDA,AE,MANDARIN,Taiwan; Republic of China,1991,34,8
Norrlandsflyg,HMF,,LIFEGUARD SWEDEN,,1961,,12
Private Wings,PWF,8W,PRIVATE WINGS,Germany,1991,,9
Air Koryo,KOR,JS,AIR KORYO,Korea; Democratic People's Republic of,1950,23,19
Azur Air,KTK,ZF,KATEKAVIA,,2015,,26
Cebu Pacific,CEB,5J,CEBU,Philippines,1988,60,60
Flyme (Villa Air),VQI,VP,VILLA AIR,,,9,3
I-Fly,RSY,I4,RUSSIAN SKY,,2009,12,5
Kazan Air Enterprise,KKA,,,,1994,,6
Mann Yadanarpon Airlines,MYP,,MANN ROYAL,,2013,12,2
Norse Air,NRX,,NORSE AIR,,1992,,6
Privilege Style,PVG,P6,PRIVILEGE,,2003,,4
UTair-Ukraine,UTN,QU,UT-UKRAINE,,2008,12,3
Air Kyrgyzstan,LYN,QH,ALTYN AVIA,,2001,13,5
Azza Transport,AZZ,,AZZA TRANSPORT,,1993,,4
Ceiba Intercontinental Airlines,CEL,,CEIBA LINE,,2007,,10
Donghai Airlines,EPA,J5,DONGHAI AIR,,2002,,14
FlyMex,NTG,,,,,,
Ikar (airline),KAR,IK,KRASJET,,2013,,
Kazaviaspas,KZS,ZS,SPAKAZ,,2003,,5
Manunggal Air Service,MNS,,MANUNGGAL,,1997,8,3
Shar Ink,UGP,,,,1992,,6
Uzbekistan Airways,UZB,HY,UZBEK,Uzbekistan,1992,58,34
Aerolimousine,LIN,,AEROLIMOUSINE,,1998,,
Alexandair,AXN,,ALEXANDROS,,,,2
CemAir,KEM,,CEMAIR,,2005,,20
Flymojo,,,MOJO,,2015,,20
KD Air,KDC,XC,KAY DEE,Canada,1990,,
Pro-Air Services,,,,,,,
Sharp Airlines,,SH,SHARP,,1990,9,11
Sylt Air,AWU,7E,SYLT-AIR,Germany,1963,2,8
V Air,VAX,ZV,VANTAGE,,2014,4,2
Air Labrador,LAL,WJ,LAB AIR,Canada,1948,24,7
Alexandria Airlines,KHH,XH,,,,,2
Centavia,CNA,,N/A,,2005,,
Dornier Aviation Nigeria,DAV,,DANA AIR,,1979,,15
FlyMontserrat,MNT,5M,MONTSERRAT,,2009,3,
Illich-Avia,ILL,,ILLICHAVIA,,2002,7,4
MAP Jet,MPJ,AQ,MAPJET,,2002,,10
Proflight Commuter Services,PFZ,P0,PROFLIGHT-ZAMBIA,,,8,16
Shell Aircraft,SHE,,SHELL,,,,4
Syphax Airlines,SYA,FS,SYPHAXAIR,,2011,13,2
Aerolínea de Antioquia,ANQ,,ANTIOQUIA,,1987,21,13
Air Lazur,LZR,,LAZUR BEE-GEE,,,,4
Alidaunia,LID,D4,ALIDA,Italy,1976,3,6
BA CityFlyer,CFE,CJ,FLYER,United Kingdom,2007,26,17
DOT LT,DNU,R6,DANU,Lithuania,2003,3,9
Flynas,KNE,XY,NAS EXPRESS,,,23,26
Iloilo-Negros Air Express,,,INAEC,,,,
Keewatin Air,KEW,FK,BLIZZARD,,1998,,13
MAP Linhas Aéreas,PAM,,MAP AIR,,2011,10,5
Proflight Zambia,PFZ,P0,PROFLIGHT-ZAMBIA,,1991,11,17
Shenzhen Airlines,CSZ,ZH,SHENZHEN AIR,China,1992,74,164
Syrian Air,SYR,RB,SYRIANAIR,Syrian Arab Republic,1946,14,8
Aerolíneas Argentinas,ARG,AR,ARGENTINA,Argentina,,58,55
Air Leasing Cameroon,,,,,,,3
Douniah Airlines,,DH,,,,7,1
Ilyich-Avia,ILL,,ILYICHAVIA,,,7,4
Kelowna Flightcraft Air Charter,KFA,KW,FLIGHTCRAFT,Canada,,,23
North Canada Air,,,,,,,
Shenzhen Donghai Airlines,EPA,J5,DONGHAI AIR,China,2006,,7
Syrian Pearl Airlines,PSB,,,,2008,4,2
Air Leisure,ALD,AL,,,,8,4
Baboo (airline),BBO,F7,BABOO,Switzerland,2003,13,2
Dove Air Services,DOV,,DOVAIR,,2007,,5
ImagineAir,IMG,,IMAGINE,,2005,600,
Kemerovo Aviation Enterprise,,,,,,,
North Cariboo Air,NCB,,NORTH CARIBOO,,1957,,35
Shoal Air,,,,,2002,,18
TAAG Angola Airlines,DTA,DT,ANGOLA,Angola,,31,14
Aerolíneas Ejecutivas,LET,,,,1980,,
Maritime Air Charter,,,,,1996,,4
Pronto Airways,WEW,,PRONTO,,2006,8,3
Shock Trauma Air Rescue Society,,,,,,,
Van Air Europe,VAA,V9,EUROVAN,,2004,,5
Aerolineas Galapagos (Aerogal),GLG,2K,AEROGAL,Ecuador,,10,11
Alitalia,AZA,AZ,ALITALIA,Italy,1999,102,100
Badr Airlines,BDR,J4,BADR AIR,,,,11
Dragonair,HDA,KA,DRAGON,China,1985,44,41
FlyPelican,,,PELICAN,,2014,4,2
North Cyprus Airlines,,,,,2011,11,3
Propair,PRO,,PROPAIR,,1954,,12
Taban Air,TBM,HH,TABAN AIR,,2005,21,8
Alitalia CityLiner,CYL,AZ,CITYLINER,,,,20
Bahamasair,BHS,UP,BAHAMAS,Bahamas,1973,32,8
FlySafair,SFR,FA,SAFAIR,,2013,6,5
Kenmore Air,KEN,M5,KENMORE,United States,1946,,25
North Flying,NFA,M3,NORTH FLYING,,1963,,12
Shree Airlines,SHA,,SHREEAIR,,1999,10,6
Vancouver Island Air,,,,,1985,13,7
Aerolíneas Mas,MAS,N3,AERO MAS,Malaysia,2005,13,3
Air Libya,TLR,7Q,AIR LIBYA,Libyan Arab Jamahiriya,1996,,15
Druk Air,DRK,KB,ROYAL BHUTAN,Bhutan,1981,10,5
Fly-SAX,EXZ,B5,DUMA,,,14,6
Kenn Borek Air,KBA,4K,BOREK AIR,Canada,1970,,43
Maroomba Airlines,,KN,,,1985,,7
Shuttle America,TCF,S5,MERCURY,United States,1995,,113
TAC Colombia,TCC,TAC,TAC,,1995,20,7
Air Link,,ZL,,,1971,,8
Alitalia-Linee Aeree Italiane,AZA,AZ,ALITALIA,,1946,69,172
Central Charter de Colombia,,,,,1979,,
Dubai Royal Air Wing,DUB,,DUBAI,,,,12
Kenya Airways,KQA,KQ,KENYA,Kenya,,62,45
North Sea Airways,NRC,,NORTH SEA,,,,
Provincial Airlines,PVL,PB,PROVINCIAL,Canada,1972,22,33
TACA Airlines,TAI,TA,TACA,,,,40
Vanilla Air,VNL,JW,VANILLA,,2013,6,8
Air Lipsia,,W2,,,2010,,
Alkan Air,AKN,,ALKAN AIR,,1977,,14
Baires Fly,,,,,1996,,
Flyvista,AJD,GT,VISTA GEORGIA,,,4,3
Mars RK,MRW,6V,AVIAMARS,Ukraine,2001,,2
PSA Airlines,JIA,OH,BLUE STREAK,United States,1980,68,80
TACV,TCV,VR,CABOVERDE,Cape Verde,1958,25,6
Aerolíneas Sosa,NSO,P4,SOSA,Honduras,1984,8,10
All Nippon Airways,ANA,NH,ALL NIPPON,Japan,1952,73,205
Central Mountain Air,GLR,9M,GLACIER,Canada,1987,18,19
Key Lime Air,LYM,KG,KEY LIME,,1997,,35
Marsland Aviation,MSL,M7,MARSLANDAIR,Sudan,2001,10,3
Pskovavia,PSW,,PSKOVAVIA,,1944,22,4
Sibia (Airline),SBD,,SIBIA,,1991,,
BAL Bashkirian Airlines,BTC,V9,BRAVO TANGO CHARLIE,,1991,,22
Keystone Air Service,KEE,BZ,KEYSTONE,Canada,1985,,6
Martinair,MPH,MP,MARTINAIR,Netherlands,1958,32,8
Sichuan Airlines,CSC,3U,SICHUAN,China,1986,67,106
Dutch Caribbean Airlines,DCE,K8,DUTCH CARIBBEAN,,2002,17,15
FMI Air,FMI,ND,FMI AIR,,2012,21,4
IndiGo,IGO,6E,IFLY,India,2006,39,97
Martinaire,MRA,,MARTEX,,1978,,29
Allegiance Air,ANJ,,AIR ALLEGIANCE,,,,5
MasAir,MAA,M7,MAS CARGA,Mexico,1992,,2
Allegiant Air,AAY,G4,ALLEGIANT,United States,1997,109,81
Balkan Bulgarian Airlines,LAZ,LZ,BALKAN,,1947,,150
Fonnafly,NOF,,FONNA,,1970,,8
MASkargo,MAS,MH,MALAYSIAN,,1972,11,6
Sierra National Airlines,SLA,LJ,SIERRA NATIONAL AIRLINES,Sierra Leone,1990,5,1
TAESA,TEJ,GD,TRANSEJECUTIVOS,,,,30
Air Macau,AMU,NX,AIR MACAU,China,1994,23,16
Chabahar Airlines,IRU,,CHABAHAR,,,,18
Dynamic Airlines,DYE,,DYNAMIC,,1980,,6
Indonesia Air Transport,IDA,I8,INTRA,Indonesia,1968,3,21
Khors Air,KHO,KO,KHORS AIRCOMPANY,Ukraine,1990,2,21
Sierra Pacific Airlines,SPA,SI,SIERRA PACIFIC,United States,1971,,2
Veca Airlines,VAR,VU,VECA,,2014,3,2
Aeromar,TAO,VW,AEROMAR,Mexico,1987,21,18
Air Madagascar,MDG,MD,AIR MADAGASCAR,Madagascar,1962,36,9
Alliance Airlines,UTY,QQ,UNITY,Australia,2002,42,35
Bangkok Airways,BKP,PG,BANGKOK AIR,Thailand,1968,23,29
Chalair Aviation,CLG,CE,CHALLAIR,,1986,8,10
Dynamic Airways,DYA,,DYNAMIC AIR,,2010,,5
Indonesia AirAsia,AWQ,QZ,WAGON AIR,Indonesia,2004,16,29
Khyber Afghan Airlines,KHY,,KHYBER,,,,
MASwings,MWG,MH,MASWINGS,Malaysia,2007,22,20
Northern Air (Canada),,,,,1984,3,9
Punto Azul,PUN,ZR,PUNTO AZUL,,2013,4,3
Silk Way Airlines,AZQ,ZP,SILK LINE,Azerbaijan,2001,20,18
Allied Air,AJK,,BAMBI,,1998,,3
Eagle Air (Iceland),FEI,,ARCTIC EAGLE,,,5,6
Indonesia AirAsia X,IDX,XT,RED PHOENIX,,2014,2,2
Kingfisher Airlines,KFR,IT,KINGFISHER,India,,25,22
SilkAir,SLK,MI,SILKAIR,Singapore,1976,51,30
Venezolana,VNE,VN,VENEZOLANA,,2001,11,3
Bar XH Air,BXH,,PALLISER,,,,4
Challenge Aero,CHG,,SKY CHALLENGER,,2002,,7
Eagle Air (Sierra Leone),EGR,,EAGLE SIERRA,,,,1
Northern Thunderbird Air,NTA,,THUNDERBIRD,,1971,10,10
Qantas,QFA,QF,QANTAS,,1920,85,131
Silver Air,SVJ,,,,2008,20,14
Vensecar Internacional,VEC,V4,VECAR,Venezuela; Bolivarian Republic of,1996,8,4
Aeroméxico,AMX,AM,AEROMEXICO,Mexico,1988,58,69
Barents AirLink,NKF,8N,NORDFLIGHT,Sweden,1974,3,
Eagle Air (Tanzania),EFL,EY,FLYING EAGLE,,,,
Fred Olsen Air Transport,FOF,FO,FREDOLSEN,,,,
Kingfisher Red,DKN,DN,DECCAN,India,,,11
Mauritania Airlines International,MAI,L6,MAURITANIA AIRWAYS,,2010,10,4
Northwest Air Base,,,,,2007,2,134
Qantas Freight,QFA,QF,QANTAS,Australia,2001,50,12
Silver Air (Czech Republic),SLD,,SILVERLINE,,1995,,
Veritair,,,VERITAIR,,1982,,4
Aeroméxico Connect,SLI,5D,COSTERA,Mexico,1988,55,63
AlMasria Universal Airlines,LMU,UJ,ALMASRIA,,2008,8,4
Barkol Airlines,BKL,,BARKOL,,1996,,51
Cham Wings Airlines,SAW,,SHAMWING,,2007,12,2
Eagle Air (Uganda),EGU,H7,AFRICAN EAGLE,Uganda,1994,18,7
Inland Pacific Air,UNK,,UNK,,,2,2
QantasLink,QLK,QF,Q-LINK/Q-JET,,2002,56,81
Silver Airways,SIL,3M,SILVER WINGS,,2010,28,28
Tailwind Air Service,,,,,2014,6,2
Vertir Airlines,VRZ,,VERTIR,,2009,,2
Eagle Airways,EAG,NZ,EAGLE,New Zealand,1969,12,14
Free Airlines,,,,,,,
Insel Air,INC,7I,INSEL ARUBA,Sint Maarten (Dutch part),1993,22,18
Northwestern Air,PLR,J3,POLARIS,Canada,1965,9,14
Qatar Airways,QTR,QR,QATARI,Qatar,1993,151,161
Tailwind Airlines,TWI,TI,TAILWIND,,,40,7
Veteran Avia,VTF,,VETFLIGHT,,2009,,1
Air Mali (2005),CMM,I5,CAMALI,Mali,2009,16,3
Al-Naser Airlines,MHK,NR,AL-NASER,,2005,9,7
Baron Aviation Services,BVN,,SHOW-ME,,1973,,30
Eagle Atlantic Airlines,EAB,E2,,,2013,5,1
Freebird Airlines,FHY,FH,FREEBIRD AIR,Turkey,2000,38,10
Max Air,NGL,VM,,,2008,,5
North-Wright Airways,NWL,HW,NORTHWRIGHT,Canada,1986,8,24
Qatar Amiri Flight,QAF,,AMIRI,,1977,,13
Taimyr Air Company,TYA,Y7,TAIMYR,,,,14
Air Malta,AMC,KM,AIR MALTA,Malta,1973,37,10
Barrier Air,GBA,,BARRIER,,1983,8,9
Chanchangi Airlines,NCH,3U,CHANCHANGI,Nigeria,1994,3,2
Freedom Air (Guam),FRE,FP,FREEDOM,Guam,1974,4,6
Kish Air,KIS,Y9,KISHAIR,Iran; Islamic Republic of,1989,18,10
Qatar Executive,QQE,QE,QREX,,2009,,6
VI Airlink,VIL,V6,TURTLE DOVE,,,,3
Aeronáutica (Angola),GGL,,GIRA GLOBO,,2001,,3
Bassaka Air,BSX,,BASSAKA,,2013,,2
Chang An Airlines,CGN,,CHANGAN,,1992,,4
Eaglexpress,EZX,,EAGLEXPRESS AIR,,2011,,4
Integra Air,AII,,PALISER,,1998,3,8
MAXavia,MAI,,,,2006,,1
Qazaq Air,,IQ,,,2015,12,1
Tajik Air,TJK,,TAJIKAIR,,1923,19,15
ViaAir,SRY,VC,STINGRAY,,2014,,
Aeronaves Dominicanas,,,AROMCA,,1980,14,7
Air Mandalay,AMY,,AIR MANDALAY,,1994,12,3
Chang'an Airlines,CGN,2Z,CHANGAN,China,,,4
Earth Airlines,ERX,,EARTH AIR,,,,1
Freedom Air Services,FFF,,INTER FREEDOM,,1998,,3
Qeshm Air,IRQ,,QESHM AIR,,,,4
TAM,,,,,1945,4,8
Aeronaves TSM,VTM,,AERONAVES,,1995,,49
Alpine Air Express,AIP,5A,ALPINE AIR,United States,1972,15,26
Batik Air,BTK,ID,BATIK,,2013,26,31
Inter European Airways,IEA,IP,ASPRO,,1987,,12
Kivalliq Air,,FK,,,1998,2,14
Norwegian Air Shuttle,NAX,DY,NOR SHUTTLE,Norway,1993,126,103
Qeshm Airlines,IRQ,QB,QESHM AIR,,1993,22,20
Silverline Helicopters,,,,,1999,,
ALROSA (airline),DRU,,MIRNY,,2000,11,53
Inter Islands Airlines,IIN,H4,,,,,
Kivu Air,YES,,,,1997,,4
Maya Island Air,MYD,MY,MYLAND,Belize,1962,12,13
Norwegian Air Shuttle / Norwegian Long Haul tail art,NAX,DU,NOR SHUTTLE,,,,
Qingdao Airlines,QDA,QW,SKY LEGEND,,,5,
Simargl Air Company,,,,,1997,,10
TAM Airlines,TAM,JJ,TAM,Brazil,1976,63,167
Air Marshall Islands,MRS,CW,MARSHALL ISLANDS,,1980,6,2
Alrosa Mirny Air Enterprise,DRU,6R,MIRNY,Russian Federation,,18,53
East African Air,,,EAA,,2008,,4
Freight Runners Express,FRG,,FREIGHT,,1985,,21
MAYAir,MYI,7M,MAYAIR,,1994,,
Norwegian Long Haul,,DU,NORSTAR,,2012,9,8
TAM Airlines (Paraguay),LAP,PZ,PARAGUAYA,Paraguay,1962,8,5
Alrosa-Avia,LRO,,ALROSA,,1992,,2
Inter Trans Avia,ITD,Y5,SEITEK,,,,
Kiwi Regional Airlines,KRL,,KIWI,,2014,4,1
Mayan World Airlines,MYN,EY,MAYAN WORLD,,,,
Nouvelair,LBT,BJ,NOUVELAIR,Tunisia,1989,25,13
Simrik Airlines,RMK,,,,2009,5,
Viasa,VIA,VA,VIASA,,,46,
Air Mauritius,MAU,MK,AIRMAURITIUS,Mauritius,,20,12
ALS,,K4,,,,,27
BB Airways,BBW,BO,BEEBEE AIRWAYS,,2012,3,1
Charter Air Transport,SRY,VC,STINGRAY,,1997,,5
East African Airways,JND,EC,EASTAF,,1946,,
Frontier Airlines,FFT,F9,FRONTIER FLIGHT,United States,1994,55,57
Interair South Africa,ILN,D6,INLINE,South Africa,1993,8,4
Nouvelle Air Affaires Gabon,NVS,SG,NOUVELLE AFFAIRES,,1975,,4
Singapore Airlines,SIA,SQ,SINGAPORE,Singapore,1947,64,108
Vibroair,VIB,,VITUS,,,,3
East African Safari Air,EXZ,B5,DUMA,,1989,4,4
Kiwijet,,,,,2007,,
Mayoral Executive Jet,MYO,,MAYORAL,,,,6
TAME,TAE,EQ,TAME,,1962,25,21
Vieques Air Link,VES,V4,VIEQUES,Puerto Rico,,10,
Air Méditerranée,BIE,ML,MEDITERRANEE,France,1997,50,7
Alsie Express,,,,,2013,,2
Bearskin Airlines,BLS,JV,BEARSKIN,Canada,1963,12,16
CHC Airways,SCH,AW,SCHREINER,Netherlands,1945,,6
East Air,ETJ,EG,EAST TAJIK,,,,4
Frontier Flying Service,FTA,2F,FRONTIER-AIR,United States,1950,,7
KLM,KLM,KL,KLM,Netherlands,1919,138,115
MCA Airlines,MCA,,CALSON,,2008,12,4
Nova Airline,NOV,O9,NOVANILE,,2000,,6
Sirius-Aero,CIG,,SIRIUS AERO,,1999,,5
Tamir Airways,TMI,,TAMIRWAYS,,,2,2
VietJet Air,VJC,VJ,VIETJET,,2007,33,24
Alta Flights,ALZ,,,,1986,,18
Bechuanaland National Airways,FRW,,,,1965,,
CHC Helikopter Service,HKS,L5,HELIBUS,Norway,1956,,28
FS Air Service,EYE,4A,SOCKEYE,United States,1986,,1
KLM Cityhopper,KLC,WA,CITY,Netherlands,1991,44,47
Nova Airways,NOV,O9,NOVANILE,,2000,8,5
Sita Air,,ST,,,2003,,3
Vietnam Air Service Company,VFC,,VASCO AIR,,,6,2
Air Memphis,MHS,,AIR MEMPHIS,,,,1
Beijing Capital Airlines,CBJ,JD,CAPITAL JET,,1995,,57
Eastar Jet,ESR,ZE,EASTARJET,,2007,14,8
Fuji Dream Airlines,FDA,JH,FUJI DREAM,,2008,9,8
InterCaribbean Airways,IWY,JY,ISLANDWAYS,,1992,13,14
Novair,NVR,N9,NAVIGATOR,Sweden,1997,45,4
Skippers Aviation,,JW,,,1990,10,27
Tandem Aero,TDM,TQ,TANDEM,Moldova; Republic of,1998,1,1
Vietnam Air Services Company,VFC,,VASCO AIR,,1987,6,2
Aluu Airlines,,,,,2015,5,
Bek Air,BEK,Z9,BEKAIR,United States,,19,7
Chengdu Airlines,UEA,EU,HIBISCUS CITY,China,2004,27,19
Eastern Air,EAZ,X7,EASAIR,,,,
TANS Perú,ELV,TJ,AEREOS SELVA,,,11,
Vietnam Airlines,HVN,VN,VIET NAM AIRLINES,Viet Nam,1956,52,94
Belair (airline),BHP,4T,BELAIR,Switzerland,1925,38,9
Chhattisgarh Air Link,CJS,CG,CHHATTISGARH AIR,,,,
K-Mile Air,KMI,,KAY-MILE AIR,,2006,,1
Med Airlines,,,,,,8,5
Novoair,NVQ,VQ,NOVOAIR,,2012,5,3
Skol Airlines,CDV,CD,SKOL,,2000,,35
Tanzanair,,,,,1969,,11
Belau Air,,,,,1989,,1
Eastern Air Lines (2015),EAL,EA,EASTERN,,2011,3,3
Interisland Airlines,ISN,I4,TRI-BIRD,,1986,4,6
Med Airways,MED,,FLYING CARPET,,2000,7,8
Queensland Regional Airlines,,Q7,,,2003,3,4
Sky Airline,SKU,H2,AEROSKY,Chile,2001,20,16
TAP Portugal,TAP,TP,AIR PORTUGAL,Portugal,1945,88,77
Amakusa Airlines,AHX,,AMAKUSA AIR,,1998,4,1
Belavia,BRU,B2,BELARUS AVIA,Belarus,1996,40,32
Eastern Airways,EZE,T3,EASTFLIGHT,United Kingdom,1997,21,29
Fuzhou Airlines,FZA,FU,STRAIT AIR,,,,3
Quick Airways Holland,QAH,,QUICK,,,,
Taquan Air,TQN,K3,TAQUAN,,1977,16,8
Aéro-Service,RSR,BF,CONGOSERV,Congo; the Democratic Republic of the,1967,,5
Air Moldova,MLD,9U,AIR MOLDOVA,Moldova; Republic of,1993,24,6
Amapola Flyg,APF,,AMAPOLA,,2004,,12
Chim-Nir Aviation,ETN,,CHIMNIR,,,,14
Eastern Australia Airlines,EAQ,QF,Q LINK,Australia,1949,16,19
Interjet,AIJ,4O,INTERJET,Mexico,2005,47,57
Kogalymavia,KGL,7K,KOGALYM,Russian Federation,1993,16,8
Medavia,MDM,N5,MEDAVIA,Malta,1978,,8
Sky Angkor Airlines,SWM,ZA,SKY ANGKOR,,2011,3,3
TAR Aerolineas,LCT,,TAR,,2012,16,3
VIM Airlines,MOV,NN,MOV AIR,Russian Federation,2000,15,12
Air Montmagny,,,,,1954,,3
China Airlines,CAL,CI,DYNASTY,Taiwan; Republic of China,1959,114,88
InterJet,INJ,,INJET,,,,8
Mediterranean Air Freight,MDF,,MED-FREIGHT,,2003,,4
Sky Aviation (Indonesia),,,,,2010,21,12
Tara Air,,,TARA AIR,,2009,14,9
VIM-Aviaservice,MVY,,,,2004,,
Aerostar Airlines,UAR,,AEROSTAR,,,,9
Komiaviatrans,,KO,,,1998,,
Med-View Airline,MEV,VL,MED-VIEW,,2004,7,4
R Airlines,RCT,RK,GREEN SKY,,2012,2,2
Sky Aviation (Sierra Leone),SSY,,SIERRA SKY,,,,
Tarco Airlines,TRQ,,AIRTARCO,,,,
Vincent Aviation,VAL,BF,VINCENT,Canada,1992,,6
Aerosucre,KRE,6N,AEROSUCRE,Colombia,1969,,13
China Eastern Airlines,CES,MU,CHINA EASTERN,China,1988,217,405
Eastern SkyJets,ESJ,EE,EASTERN SKYJETS,,2004,,5
Gading Sari,GSB,,GADING SARI,,,,
R1 Airlines,TSH,,TRANSCANADA,,2003,,8
Sky Bishkek,,GY,,,2012,3,1
Vintage Props and Jets,VPP,VQ,VINTAGE,United States,1991,8,4
Air Namibia,NMB,SW,NAMIBIA,Namibia,,15,10
AMC Airlines,AMV,YJ,AMC AIRLINES,,1992,,1
China Express Airlines,HXA,G5,CHINA EXPRESS,,2006,,16
EastIndo,ESD,,EASTINDO,,,,1
GainJet Aviation,GNJ,,GAIN JET,,2006,,8
Mega Aircompany,MGK,,MEGLA,,,3,1
Ocean Sky UK,OCS,,OCEAN SKY,,2003,,13
RACSA (airline),,R6,RACSA,,,,2
TAROM,ROT,RO,TAROM,Romania,1954,76,23
Aerosvit Airlines,AEW,VV,AEROSVIT,Ukraine,1994,107,4
Air National,NTL,,NATIONAL,,1989,,
China Flying Dragon Aviation,CFA,,FEILONG,,1981,,
Eastland Air,ILA,DK,,,,,
Galaxie Corporation,,,,,,,
International AirLink,IAL,I4,,,1996,,
Korea Express Air,KEA,XE,KOREA EXPRESS,,2005,3,2
Mega Maldives,MEG,LV,SANDBAR,,2010,7,5
Oceanair,,TJ,,,,,
RAF-Avia,MTL,,MITAVIA,,1990,,7
Virgin America,VRD,VX,REDWOOD,United States,2004,23,55
AeroTACA,ATK,,AEROTACA,,1965,,
Air Nelson,RLK,NZ,LINK,,1979,17,23
Bemidji Airlines,BMJ,CH,BEMIDJI,United States,1946,,10
International Business Air,IBZ,6I,INTERBIZ,Sweden,1983,,2
Korean Air,KAL,KE,KOREANAIR,Korea; Republic of,1946,135,164
Sky Express (Greece),SEH,GQ,AIR CRETE,Greece,,18,5
Tasair,,TA,,,1965,4,12
Virgin Atlantic,VIR,VS,VIRGIN,,1984,31,40
America West Express,ASH,RP,AIR SHUTTLE,,,59,43
Benin Golf Air,BGL,A8,BENIN GOLF,Benin,2002,,1
InterSky,ISK,3L,INTERSKY,Austria,2001,19,5
Ram Air Freight,REX,,RAM EXPRESS,,1982,37,30
Sky Gabon,SKG,GV,SKY GABON,,2006,5,
Virgin Atlantic Airways,VIR,VS,VIRGIN,United Kingdom,,35,39
American Airlines,AAL,AA,AMERICAN,United States,1928,344,945
Bergen Air Transport,BGT,,BERGEN AIR,,1998,2,3
Gama Aviation,GAJ,,GAMA,,1983,,3
Interstate Airlines,FWA,I4,FREEWAYAIR,Netherlands,2005,,1
MenaJet,MNJ,IM,MENAJET,Lebanon,2003,,1
Odyssey Airlines,,,,,2010,,0
Tassili Airlines,DTH,SF,TASSILI AIRLINES,Algeria,1998,21,12
American Eagle (airline brand),,,,,1984,160,290
Easy Link Aviation,FYE,,FLY ME,,,,4
Intira Airlines,BCC,,THAI BIZ,,2008,4,2
Korongo Airlines,KGO,ZC,CONGO STAR,,2009,4,1
Meraj Airlines,MRJ,JI,MERAJ,,2010,20,13
Ravn Alaska,RVF,,RAVN,,,92,73
Sky Georgia,GFG,QB,NATIONAL,Georgia,1998,,1
Air New Zealand,ANZ,NZ,NEW ZEALAND,New Zealand,1940,55,107
American Eagle Airlines,EGF,MQ,EAGLE FLIGHT,United States,,160,264
Bering Air,BRG,8E,BERING AIR,United States,1979,29,21
China Southern Airlines,CSN,CZ,CHINA SOUTHERN,China,1988,190,510
EasyFly,EFY,EF,EASYFLY,,2006,16,17
Merchant Express Aviation,MXX,,MERCHANT,,,,1
Okada Air,OKJ,,OKADA AIR,,,,
Raya Jet,RYT,,,,2005,,1
Sky King; Inc.,SGB,,SONGBIRD,,,27,10
AeroUnion,TNO,,AEROUNION,,1998,4,6
Air New Zealand Link,EAG,NM,EAGLE,New Zealand,,22,56
Berjaya Air,BVT,J8,BERJAYA,Malaysia,1989,4,7
EasyJet,EZY,U2,EASY,United Kingdom,1995,134,218
Meridian Airways,MAG,,MERID AIR,,2007,,5
Okay Airways,OKA,BK,OKAYJET,China,2004,16,27
Rayyan Air,RAB,,,,,,3
Virgin Australia,VOZ,VA,VELOCITY,Australia,2000,50,110
Berkut Air,BEC,,BEC,,2000,,2
China United Airlines,CUA,KN,LIANHANG,,1986,20,33
EasyJet Switzerland,EZS,DS,TOPSWISS,,1988,41,24
Kosmos Airlines,KSM,K6,KOSMOS,,1995,,4
OKI Air International,,,,,1993,,2
Reading Air Charter,,,,,,,2
Sky Pasada,WCC,SP,SKY PASADA,,2010,11,8
China Xinhua Airlines,CXH,XW,XINHUA,China,1992,,16
EasySky,EKY,,,,,,2
Garuda Indonesia,GIA,GA,INDONESIA,Indonesia,1949,102,136
Kosova Airlines,KOS,,KOSOVA,,2003,11,1
Meridiana,ISS,IG,MERIDIANA,,,51,16
Sky Regional Airlines,SKV,RS,MAPLE,,2010,17,20
Virgin Australia Regional Airlines,VOZ,VA,VELOCITY,,1963,24,39
Aerovías DAP,DAP,V5,DAP,,1979,5,23
Gatari Air Service,GHS,,GATARI,,1983,,5
IrAero,IAE,IO,IRAERO,,1999,10,29
Krabi Airline,KIR,,KRABI AIRLINE,,,,
Merlin Airways,MEI,,AVALON,,1983,,6
Sky Service (Kazakhstan),KVR,,KAVAIR,,2004,,17
Air Niamey,AWN,A7,AIR NIAMEY,,2007,,
Ameriflight,AMF,A8,AMFLIGHT,United States,1968,,218
Berry Aviation,BYA,,BERRY,,1983,,24
EcoJet (airline),ECO,,ECOJET,,2013,9,4
Gazpromavia,GZP,4G,GAZPROM,Russian Federation,1995,13,22
Iran Air,IRA,IR,IRAN AIR,Iran; Islamic Republic of,1944,60,51
Merlin Express,MEI,,MERIN EXPRESS,,,6,11
Olympic Air,OAL,OA,OLYMPIC,,,18,14
Virgin Galactic,VGX,,GALACTIC,,2004,,
Air Nicaragua,,,,,2011,,2
Amerijet International,AJT,M6,AMERIJET,United States,1974,52,9
Berytos Airlines,BYR,,,,2003,,1
Chitaavia,CHF,X7,CHITA,,1991,,
Ecuato Guineana,GGE,,ECUATO GUINEA,,1986,,1
Iran Air Tours,IRB,B9,AIR TOUR,Iran; Islamic Republic of,,16,10
KrasAvia,SSJ,K9,SIBERIAN SKY,,1956,35,45
Merpati Nusantara Airlines,MNA,MZ,MERPATI,Indonesia,1962,84,39
Red Wings Airlines,RWZ,WZ,RED WINGS,,1999,20,11
Sky Shuttle Helicopters,EMU,,EAST ASIA,,1997,3,6
Virgin Samoa,VOZ,VA,VELOCITY,,2005,4,1
Choice Airways,CSX,,CHOICE AIR,,2009,,2
Mesa Airlines,ASH,YV,AIR SHUTTLE,United States,1980,165,110
Rediske Air,,,,,1991,,6
Vision Air International,VIS,,DREAM BIRD,,2006,,1
Aerovis Airlines,VIZ,V6,AEROVIZ,,2003,,4
Ameristar Jet Charter,AJI,,AMERISTAR,,2000,,23
Chongqing Airlines,CQN,OQ,CHONG QING,China,2007,28,11
Edelweiss Air,EDW,WK,EDELWEISS,Switzerland,1995,54,7
Iran Aseman Airlines,IRC,EP,ASEMAN,Iran; Islamic Republic of,1970,54,37
Oman Air,,WY,OMAN AIR,,1993,46,39
Aerovista,,,,,1999,,6
Amjet Executive,AMJ,,AMJET EXEC,,,,
Genex,GNX,,AEROGENEX,,1997,2,2
Iranian Air Transport,IRG,,NAFT,,,,9
Omega Aerial Refueling Services,OME,,,,,,
Sky Wings Airlines,GSW,ND,ARROW JET,,2004,,7
Vision Airlines,RBY,V2,RUBY,,1994,11,19
BH Air,BGH,1B,BALKAN HOLIDAYS,Bulgaria,2001,,6
Egoli Air,,,,,1996,,4
Gensa,GEN,,GENSA-BRASIL,,,,2
Iranian Naft Airlines,IRG,NV,NAFT,,1992,,11
Kullaflyg,BRX,DC,BRAATHENS,,2003,5,3
Omni Air International,OAE,OY,OMNI-EXPRESS,United States,1983,,11
Regent Airways,RGE,RX,REGENT,,2010,9,5
Sky Wings Asia Airlines,SWM,ZA,SKY ANGKOR,,,3,3
VistaJet,VJS,,VISTA JET,,2004,,35
Aexpa,,,,,2001,,
Air Niugini,ANG,PX,NIUGINI,Papua New Guinea,1973,35,24
Chukotavia,,,,,1996,,6
EgyptAir,MSR,MS,EGYPTAIR,Egypt,,78,65
Iraqi Airways,IAW,IA,IRAQI,Iraq,1945,38,31
Kulula.com,CAW,MN,COMAIR,South Africa,2001,6,11
Omni Aviation,OAV,OC,OMNI,,1988,,45
Sky Work Airlines,SRK,SX,SKYFOX,,,15,7
VistaJet Holding SA,VJS,,VISTA JET,,,,30
Air North,ANT,4N,AIR NORTH,Canada,1977,10,11
ANA Wings,AKX,EH,ALFA WING,Japan,2010,25,33
Bhutan Airlines,BTN,B3,BHUTAN AIR,,2011,5,2
Georgian International Airlines,GNN,,GEO-LINE,,2004,15,2
IRS Airlines,LVB,,SILVERBIRD,,2002,6,6
Kunming Airlines,KNA,KY,KUNMING AIR,,2005,21,17
SkyAir,,S8,SKY AIR,,2009,6,1
Vistara,VTI,UK,VISTARA,,2013,12,7
Afghan Jet International,AJA,HN,AJA,,2013,6,2
Air Norway,NFA,M3,NORTH FLYING,Denmark,2003,3,1
AnadoluJet,THY,TK,TURKISH,,2008,37,32
Cielos Airlines,CIU,A2,CIELOS,Peru,1997,22,10
EgyptAir Express,MSE,MS,EGYPTAIR EXPRESS,Egypt,,14,12
Irtysh Air,MZA,IH,AZAMAT,,,6,3
Kurdistan Airlines,,,,,2004,,
Metrojet Ltd.,MTJ,,METROJET,,1995,,33
RegionAir,,,,,2007,3,1
Ten Airways,OTJ,X5,,,,,5
Afra Airlines,UAG,,AFRALINE,,,,
Air Nostrum,ANE,YW,NOSTRU AIR,Spain,1994,58,40
Big Island Air,BIG,,BIG ISLE,,1985,,2
Cimber (airline),CIM,QA,CIMBER,,2012,,12
Ishtar Airlines,,,ISHTAR,,2005,2,1
Kuwait Airways,KAC,KU,KUWAITI,Kuwait,,34,23
Metropolis (airline),MPS,DN,METRO REGIONAL,,,,
One Airlines,ONS,,,,2013,4,3
Regional 1,TSH,,TRANSCANADA,,,,12
SkyBahamas Airlines,SBM,Q7,TROPICAL SKY,,2006,11,7
Afric Aviation,,L8,,,2011,,1
Andes Líneas Aéreas,ANS,OY,AEROANDES,Argentina,2006,3,6
El Al,ELY,LY,EL AL,Israel,1948,52,41
Island Air,MKU,WP,MOKU,United States,,8,6
OneJet,,J1,,,,5,3
Regional Air,REG,QT,REGIONAL SERVICES,,1997,4,4
Africa One,CFR,,,,2002,,
Air Nunavut,BFF,,AIR BAFFIN,,1989,,7
Cinnamon Air,CIN,,CINNAMON,,2012,9,3
Germania (airline),GMI,ST,GERMANIA,Germany,1978,42,22
Island Air (Hawaii),MKU,WP,MOKU,,1980,3,5
One-Two-GO Airlines,OTG,OG,THAI EXPRESS,Thailand,2003,7,8
Skybus (Aqua Avia),,,,,,,2
VivaAerobus,VIV,VB,AEROENLACES,Mexico,,31,17
Africa West Airlines,WTA,FK,WEST TOGO,Togo,1997,,
Angara Airlines,AGU,,SARMA,,2000,19,27
Bighorn Airways,BHR,,BIGHORN AIR,,1947,,20
Elbe Air,LBR,,MOTION,,,,
Germania Flug,GSW,GM,EIGER,,2014,16,2
Island Air Charters,,,,,,,2
Kyrgyz International Airlines,KYL,N5,KYRMAL,,,,
Ontario Central Airlines,NUN,,NUNASI,,1947,,22
VivaAerobús,VIV,VB,VIVA/AEROENLACES,,2006,25,28
Africa World Airlines,AFW,AW,BLACKSTAR,,2010,4,3
Air One Nine Company,ONR,N6,EDER,,2004,,2
Biman Bangladesh Airlines,BBC,BG,BANGLADESH,Bangladesh,,21,12
Germanwings,GWI,4U,GERMAN WINGS,Germany,1997,86,83
Island Airlines,ISA,IS,ISLAND,,,2,13
Kyrgyz Trans Avia,KTC,,,,2009,,2
Regional Air Lines,RGL,FN,MAROC REGIONAL,Morocco,,18,12
Texas Sky,VTE,,VOLUNTEER,,,4,1
VivaColombia,VVC,FC,VIVA COLOMBIA,,2009,10,
Bin Air,BID,,BINAIR,,1996,,9
Citilink,CTV,QG,SUPERGREEN,,2001,16,35
Gestair,GES,G5,GESTAIR,Spain,,,24
Island Aviation,SOY,Q2,SORIANO,,2003,,3
Kyrgyzstan,LYN,QH,ALTYN AVIA,Kyrgyzstan,,10,6
Onur Air,OHY,8Q,ONUR AIR,Turkey,,21,25
Regional Air Services (Tanzania),REG,,REGIONAL SERVICES,,,,4
Vladivostok Air,VLK,XF,VLADAIR,Russian Federation,1932,42,23
African Express Airways,AXK,XU,EXPRESS JET,Kenya,1986,13,7
Angola Air Charter,AGO,,ANGOLA CHARTER,,1987,,2
E-Liner Airways,ELA,EL,E-LINER,,1993,,
Island Express Air,IAX,,ABBY AIR,,2009,5,5
OpenSkies,BOS,EC,MISTRAL,United Kingdom,2008,3,3
Thai AirAsia,AIQ,FD,THAI ASIA,Thailand,2003,32,44
VLM Airlines,VLM,VG,RUBENS,Belgium,1992,8,11
Binter Canarias,IBB,NT,BINTER,Spain,1989,13,8
City Airways,GTA,E8,CITY AIR,,2011,3,2
Elite Airways,MNU,,MAINER,,,,6
Ghadames Air Transport,GHT,G6,GHT,,2004,,1
MHS Aviation,,M2,,,1983,,
Opera Jet,OPJ,,OPERA JET,,2007,,4
SkyJet,MSJ,M8,MAGNUM AIR,,2005,3,1
Thai AirAsia X,TAX,XJ,EXPRESS WING,,2014,5,4
Ellinair,ELB,EL,ELLINAIR HELLAS,,,26,5
L-3 Flight International Aviation,RTD,,RIPTIDE,,,,18
Miami Air International,BSK,LL,BISCAYNE,United States,1990,,6
Orange Air,ORN,,ORANGE JET,,2011,,2
Régional Compagnie Aérienne Européenne,RAE,YS,REGIONAL EUROPE,France,2001,38,44
Skyjet Airlines,SJU,UQ,SKYJET,,2003,9,2
Thai Airways,THA,TG,THAI,,1960,78,82
Air Pacific,FJI,FJ,PACIFIC,Fiji,,17,6
Annushka (airline),,,,,1993,,16
City Express,OUL,OU,CITY EXPRESS,,,,7
Elrom Airways,ELR,,ELROM,,1990,1,2
Islena De Inversiones,ISV,WC,ISLENA,Honduras,,4,5
La Compagnie,DJT,B0,DREAMJET,,2013,3,2
MIAT Mongolian Airlines,MGL,OM,MONGOL AIR,Mongolia,1954,8,5
Orange Aviation,ORE,,ORANGE AVIATION,,1974,,10
Regional Express Airlines,RXA,ZL,REX,Australia,2002,54,49
City Star Airlines,ISL,X9,ISLANDIA,,2003,7,0
Elysian Airlines,GIE,E4,,,,9,4
Isles of Scilly Skybus,IOS,5Y,SCILLONIA,United Kingdom,1984,4,8
La Costeña (airline),NIS,,LACOSTENA,,,,13
MIBA Aviation,,,,,1994,,1
Regional Pacific Airlines,,QT,,,2001,4,2
Skylan Airways,SKA,,SKYLAN,,,,1
Thai Airways International,THA,TG,THAI,Thailand,1960,71,91
Air Panama,PST,,TURISMO REGIONAL,,1980,24,20
Ansett New Zealand,NZA,ZQ,ANZA,,,,
Bismillah Airlines,BML,5Z,BISMILLAH,Bangladesh,1998,,18
Israir Airlines,ISR,6H,ISRAIR,Israel,1989,19,5
LACSA,LRC,LR,LACSA,Costa Rica,,35,19
Mid Airlines,NYL,7Y,NILE,Sudan,2002,,2
Orbest,OBS,,ORBEST,,2007,51,4
Thai Lion Air,TLM,SL,MENTARI,,2013,8,16
Afriqiyah Airways,AAW,8U,AFRIQIYAH,Libyan Arab Jamahiriya,2001,19,13
Blink (airline),BKK,,BLINKAIR,,2007,600,9
Glenorchy Air,,,,,1992,,4
LADE,LDE,5U,LADE,Argentina,,30,
Mid Airlines (Zimbabwe),MDZ,,MIDANES,,2001,,
Skyline (Sweden),,OX,,,,7,3
Thai Regional Airlines,TRB,RW,THAI REGIONAL,,2011,,
Volaris,VOI,Y4,VOLARIS,,2004,68,55
Antonov Airlines,ADB,,ANTONOV BUREAU,,1989,5,22
Blue Air,BMS,0B,BLUE MESSENGER,Romania,2004,34,15
GLO Airlines,,,,,2013,4,3
Italy First,IFS,IF,RIVIERA,,,,2
Mid East Jet,XAH,,,,,,11
Reliant Air,RLI,,RELIANT,,1988,3,8
VolaSalerno,ORI,OI,,,,8,1
Air Peace,,,,,2013,,7
Antrak Air,ABV,O4,ANTRAK,Ghana,,5,4
Blue Bird Aviation,BLB,,BLUEBIRD SUDAN,,1989,,5
CityJet,BCY,WX,CITY-IRELAND,Ireland,1992,18,21
Mid Express Tchad,,,,,,,1
Renaissance Air,,,,,2008,,6
SkyLink Arabia,,,,,,2,3
Thai Smile,THD,WE,THAI SMILE,,2011,12,14
Volga-Dnepr Airlines,VDA,VI,VOLGA DNIPR,Russian Federation,1990,,24
Agefreco Air,,,,,1988,,
Air Pegasus,PPL,OP,,,2014,7,2
Blue Dart Aviation,BDA,BZ,BLUE DART,India,1995,8,5
Emirates (airline),UAE,EK,EMIRATES,United Arab Emirates,1985,164,222
Global Air (Mexico),DMJ,,GLOBAL AIR,,1990,,4
Mid Pacific Air,MPA,HO,MID PAC,,,,
Orca Airways,ORK,,ORCA TAXI,,2005,6,20
SkyLink Aviation,SKK,,SKYLINK,,,,
Vologda Aviation Enterprise,VGV,,VOLOGDA AIR,,1931,6,12
Blue Islands,BCI,SI,BLUE ISLAND,United Kingdom,1999,7,5
CityLine Hungary,CNB,ZM,CITYHUN,,2003,,3
Global Aviation,GBB,QG,GLOBE,,2001,,18
IZair,IZM,H9,IZMIR,Turkey,,4,7
Orenair,ORB,R2,ORENBURG,Russian Federation,1992,12,29
Republic Airlines,RPA,YX,BRICKYARD,United States,1998,79,151
SkyLink Express,SLQ,,SKYLINK,,1994,30,19
Thai Vietjet Air,TVJ,V9,THAIVIET JET,,2014,2,1
Volotea,VOE,V7,VOLOTEA,,,52,20
Agni Air,,AG,,,2006,8,3
Air People International,APG,3D,AIR PEOPLE,Thailand,1986,,
Civair,CIW,,CIVFLIGHT,,1989,,12
Empire Airlines,CFS,EM,EMPIRE AIR,United States,1977,,51
Global Aviation and Services Group,GAK,,AVIAGROUP,,2003,3,4
Izhavia,IZA,I8,IZHAVIA,,,5,18
Mid-Atlantic Freight,MDC,,NIGHT SHIP,,1990,,8
Orenburzhye,ORG,O7,ORENBURZHIE,,2013,8,50
Skymark Airlines,SKY,BC,SKYMARK,Japan,1996,11,27
ThaiJet,THJ,AO,THAI JET,,,,
Vostok Aviation Company,VTK,,VOSTOK,,1945,,13
Air Perú,,,,,2006,2,1
Blue Panorama Airlines,BPA,BV,BLUE PANORAMA,Italy,1998,39,10
Republic Express Airlines,RPH,RH,PUBLIC EXPRESS,Indonesia,2001,6,3
Skymaster Airlines,SKC,,SKYMASTER AIR,,1995,,8
Thomas Cook Airlines,TCX,MT,KESTREL,United Kingdom,2003,95,31
Voyageur Airways,VAL,VC,VOYAGEUR,,1968,,21
Aigle Azur,AAF,ZI,AIGLE AZUR,France,1946,26,10
Air Philippines,GAP,2P,ORIENT PACIFIC,Philippines,,26,19
Empire Airways,JKR,,JOKER,,2004,,2
Global Supply Systems,GSS,XH,JET LIFT,United Kingdom,2001,,3
Jagson Airlines,JGN,JA,JAGSON,,1991,9,5
Laker Airways (Bahamas),,,,,1992,,2
Middle East Airlines,MEA,ME,CEDAR JET,Lebanon,1945,37,17
Republicair,RBC,,REPUBLICAIR,,2005,,11
Skynet (airline),,,,,2008,14,5
Thomas Cook Airlines Belgium,TCW,HQ,THOMAS COOK,Belgium,2001,68,6
Air,EAT,,TRANS EUROPE,,1990,,10
APSA Colombia,ABO,,AEROEXPRESO,,1978,,2
Blue Sky Aviation Services,SBK,,MAWINGU,,1996,,3
Click Airways,CGK,4C,CLICK AIR,United Arab Emirates,2004,5,4
Globe Jet,GJA,,,,,,5
J-Air,JLJ,XM,J-AIR,Japan,1996,17,24
LAM Mozambique Airlines,LAM,TM,MOZAMBIQUE,Mozambique,,16,7
Rhein-Neckar Air,,,SNOWCAP,,2013,2,3
Thomas Cook Airlines Scandinavia,VKG,DK,VIKING,Denmark,2008,38,12
Vueling,VLG,VY,VUELING,,2004,155,101
Apsara International Air,AQQ,IP,APSARA AIR,,2013,1,1
Blue Wing Airlines,BWI,,BLUE TAIL,,2002,,9
Endeavor Air,FLG,,FLAGSHIP,,1985,,116
Midlands Air Ambulance,,,,,1990,,
Orient Thai Airlines,OEA,OX,ORIENT THAI,Thailand,1995,4,12
Rhodesia United Air Carriers,,,,,1957,,14
Thomson Airways,TOM,BY,TOMSON,United Kingdom,1962,96,60
Vueling Airlines,VLG,VY,VUELING,Spain,,51,47
Air 26,DCD,,DUCARD,,2006,7,3
Club 328,SDJ,,SPACEJET,,2005,,
Enerjet,ENJ,EG,ENERJET AIR,,2006,,3
Globus (airline),GLP,GH,GLOBUS,,2007,,13
LAN Airlines,LAN,LA,LAN CHILE,Chile,1929,66,150
Oriental Air Bridge,ORC,OC,ORIENTAL BRIDGE,,1961,5,2
Thunder Airlines,THU,,THUNDER AIR,,1994,6,14
Air Pullmantur,PLM,EB,PULLMANTUR,Spain,2003,12,4
Arab Wings,AWS,,ARAB WINGS,,1975,,
Blue1,BLF,KF,BLUEFINN,Finland,1987,28,5
LAN Argentina,DSM,4M,LANAR,Argentina,2005,17,14
Riau Airlines,RIU,PK,RIAU AIR,Indonesia,2002,3,1
Tianjin Airlines,GCR,GS,BOHAI,China,2004,63,84
Vzlet,VZL,NB,VZLYET,,1972,,
Air Afrique,RKA,RK,AIRAFRIC,,1961,22,
Bluebird Airways,BBG,BZ,CANDIA BIRD,,,4,1
CM Airlines,OMT,CC,,,,,
Originair,OGN,OG,ORIGIN,,2015,3,2
Tiara Air,TNM,3P,TIARA,Aruba,2006,4,3
WaltAir,GOT,XW,GOTHIC,Sweden,,,
Air Åland,NVD,N9,NORVIND,,2005,3,2
Air Rarotonga,RAR,GZ,,,1978,,4
Bluebird Aviation,BBZ,,COBRA,,1999,,21
CMC Aviation,,,,,,,10
Enter Air,ENT,E4,ENTERAIR,,2009,74,17
Go Fly,GOE,GO,GO FLIGHT,,,,28
Jambojet,,JX,,,2013,7,4
LAN Colombia,ARE,4C,LAN COLOMBIA,Colombia,1981,31,19
Skytaxi,IGA,TE,IGUANA,,2000,,3
Tibet Airlines,TBA,TV,TIBET,,2010,23,15
Wamos Air,PLM,EB,PULLMANTUR,,2003,12,4
Air Regional,ARI,AR,AIREG,,2001,32,3
Arctic Air (Norway),AKR,,ARCTIC NORWAY,,,5,2
Envoy Air,ENY,MQ,ENVOY,,1998,160,223
Jämtlands Flyg,,,,,1954,,7
Skytraders,SND,,SNOWBIRD,,,,4
Tiger Airways,TGW,TR,GO CAT,Singapore,,36,20
Wan Air,VNR,,WAN AIR,,1987,,2
Air Algérie,DAH,AH,AIR ALGERIE,Algeria,1947,71,50
Air Republiq,,,REPUBLIQ,,,,
Arctic Circle Air,CIR,5F,AIR ARCTIC,United States,1973,9,2
BMI Regional,BMR,BM,MIDLAND,United Kingdom,1987,20,18
Janes Aviation,JAN,,JANES,,2006,,2
LAN Ecuador,LNE,XL,AEROLANE,Ecuador,2002,11,12
Midwest Airlines (Egypt),MWA,MY,MWA,,1998,,1
Rio Linhas Aéreas,RIO,RL,RIO,,2007,12,7
Skytrans Airlines,SKP,Q6,SKYTRANS,Australia,1990,27,2
Tigerair,TGW,TR,GO CAT,,2003,38,25
Warbelow's Air Ventures,WAV,,WARBELOW,,1958,12,17
Air Rhodesia,,RH,RHODESIA,,1967,,13
Arctic Sunwest Charters,,,ARCTIC SUNWEST,,1989,,
Coastal Aviation,CSV,,COASTAL TRAVEL,,1987,,20
Equaflight,EKA,E7,EQUAFLIGHT,,1998,3,5
Go!Express,,,,,2006,7,6
Janet (airline),WWW,,JANET,,1972,6,11
LAN Express,LXP,LU,LANEX,Chile,1998,19,12
Osh-Avia,OSH,,,,2006,2,
Tigerair Australia,TGW,TT,GO CAT,,,17,14
Arcus-Air,AZE,ZE,ARCUS AIR,,1973,,6
Cobham Aviation Services Australia,JTE,NC,JETEX,Australia,1989,,35
Go2Sky,RLX,,RELAX,,2013,,4
Japan Air Commuter,JAC,JC,COMMUTER,Japan,1983,22,22
LAN Perú,LPE,LP,LAN PERU,Peru,1998,32,31
Midwest Connect,,,,,1994,17,13
Overland Airways,OLA,OJ,OVERLAND,Nigeria,2003,8,8
Wasaya Airways,WSG,WT,WASAYA,Canada,1989,28,26
Arcus-Air Logistic,AZE,ZE,ARCUS AIR,Germany,,,4
Boliviana de Aviación,BOV,OB,BOLIVIANA,,2007,12,14
Equatorial Congo Airlines,,LC,,,2011,10,7
GoAir,GOW,G8,GO AIR,India,2005,22,19
LANCO,LAE,L7,LANCO,,2009,13,3
Mihin Lanka,MLR,MJ,MIHIN LANKA,Sri Lanka,2006,14,4
Rivne Universal Avia,UNR,,RIVNE UNIVERSAL,,,,13
Skyway Enterprises,SKZ,KI,SKYWAY-INC,United States,1981,,10
Tigerair Taiwan,TTW,IT,SMART CAT,,2013,8,7
Air Safaris (NZ airline),SRI,,AIRSAFARI,,,5,8
ArGo Airways,AGW,,ARGONAUT,,2009,4,1
Era Alaska,ERR,,ERAH,,2010,78,72
GoJet Airlines,GJS,G7,LINDBERGH,United States,2004,57,47
Rizon Jet,RZJ,,RIZON JET,,,,
Tigris Air,,,,,,,1
Air Saguenay,,,,,1960,,27
Aria (French airline),ARW,,ARIABIRD,,2004,,2
Gol Transportes Aéreos,GLO,G3,GOL,Brazil,2000,75,139
Japan Airlines,JAL,JL,JAPANAIR,Japan,1951,92,166
Millennium Airlines,DLK,,DECCAN LANKA,,2004,9,3
RMA Gold Airways,,,,,2004,,
Air Alsie,MMD,,MERMAID,,1989,,18
Air Saint-Pierre,SPM,PJ,SAINT-PIERRE,Saint Pierre and Miquelon,1964,7,2
Aria Air,IRX,,ARIA,,,10,2
Bond Offshore Helicopters,BND,,BOND,,1961,,25
Golden Air,GAO,DC,GOLDEN,Sweden,,14,21
Lao Air,LLL,,LAVIE,,,3,
Millennium Aviation,,,,,,,
P.C. Air,PCA,GT,PIYO AIR,,2010,,1
TimAir,,,,,1983,5,7
Waterfront Air,,,,,2008,4,
Ariana Afghan Airlines,AFG,FG,ARIANA,Afghanistan,1955,11,7
Bookajet,BOO,,BOOKAJET,,1991,,14
Eritrean Airlines,ERT,B8,ERITREAN,Eritrea,,5,3
Golden Bay Air,,,,,,,3
Lao Airlines,LAO,QV,LAO,Lao People's Democratic Republic,1976,20,11
Mimika Air,,,,,1998,,10
Skywest Airlines,OZW,XR,OZWEST,Australia,,24,23
Arik Air,ARA,W3,ARIK,Nigeria,2002,26,26
Borajet,BRJ,YB,BORA JET,,2008,22,8
Escadrille Nationale du Niger,,,,,,,1
Lao Central Airlines,LKA,LF,NAKLAO,,2010,8,3
Mindanao Express,,,,,,,
Pacific Air Express,PAQ,PE,SOLPAC,,1993,,1
SkyWest Airlines,SKW,OO,SKYWEST,United States,1972,189,341
Țiriac Air,TIH,,TIRIAC AIR,,1997,,4
WDL Aviation,WDL,W1,WDL,Germany,1974,,5
Borinquen Air,BNA,FD,,,1961,,2
Japan Transocean Air,JTA,NU,JAY OCEAN,Japan,1967,15,13
Lao Skyway,LLL,,LAVIE,,2002,3,
Skywise (airline),SWZ,S8,SKYWISE,,2012,2,2
Titan Airways,AWC,ZT,ZAP,United Kingdom,1988,,11
Air Anglia,,AQ,,,,,
Air Scandic,SCY,,AIRSCAN,,,,
Comair (South Africa),CAW,MN,COMAIR,,1943,10,18
Golden Myanmar Airlines,GMR,Y5,GOLDEN MYANMAR,,2012,15,4
SkyWork Airlines,SRK,SX,SKYFOX,,1983,18,5
Welcome Air,WLC,2W,WELCOMEAIR,Austria,2000,8,3
Air Antilles Express,GUY,,GREEN BIRD,,2002,8,8
Arizona Airways (1993,AZY,VZ,ARIZAIR,,,11,
Comco,,,,,2002,,2
Estafeta Carga Aérea,ESF,E7,ESTAFETA,Mexico,2000,,7
Pacific Alaska Airways,,,,,1932,,
Roraima Airways,ROR,,RORAIMA,,1992,,3
Skyxpress Airline,KLO,,KLONDIKE,,,,2
TMK Air Commuter,TMK,,,,,5,1
Air Arabia,ABY,G9,ARABIA,United Arab Emirates,2003,115,44
Arkaim (airline),,,,,2010,,
Comlux,CLA,,COMLUX,,2003,,22
Estar Avia,UMS,,TOPAZ,,2003,,3
Jat Airways AVIO taxi,JAT,JU,JAT,,2002,,21
Lapsa,,,,,,,
Minoan Air,MAV,,MINOAN,,2011,5,2
Pacific American Airlines,,,,,,,
TNT Airways,TAY,3V,QUALITY,Belgium,1999,90,32
West Air,PCM,,PAC VALLEY,,,22,32
Air Arabia Egypt,RBG,E5,ARABIA EGYPT,,2009,7,3
Air Senok,MVS,,AIR SENOK,,2011,,3
Arkia Israel Airlines,AIZ,IZ,ARKIA,Israel,1949,25,9
Estonian Air,ELL,OV,ESTONIAN,Estonia,1991,14,7
Golden Rule Airlines,GRS,,GOLDEN RULE,,2003,,3
Jatayu Airlines,JTY,JZ,JATAYU,,2000,10,3
LASER Airlines,LER,QL,LASER,Venezuela; Bolivarian Republic of,1993,7,16
Pacific Coast Jet,PXT,,PACK COAST,,2006,,
Rossair (Australia),RFS,,,,1963,,5
Slok Air International,OKS,S0,SLOK GAMBIA,,1996,8,6
West Air (China),CHB,PN,WEST CHINA,China,2007,20,19
Air Arabia Jordan,PTR,,AIR ARABIA JORDAN,,2014,5,2
Air Serbia,ASL,JU,AIR SERBIA,,1992,41,20
Jazeera Airways,JZR,J9,JAZEERA,Kuwait,,20,15
Pacific Coastal Airlines,PCO,8P,PASCO,Canada,1987,16,25
Rossair Europe,ROS,,CATCHER,,,,
West Air (United States),PCM,,PAC VALLEY,,1988,22,32
Air Arabia Maroc,MAC,,NAWRAS,,,23,4
Air Serv International,,,,,1984,,
Comlux Kazakhstan,KAZ,,KAZLUX,,,,4
Ethiopian Airlines,ETH,ET,ETHIOPIAN,Ethiopia,,23,76
Jazz (airline),JZA,QK,JAZZ,Canada,2001,79,127
Tobruk Air,TOB,7T,TOBRUK AIR,Libyan Arab Jamahiriya,,,
West Air Luxembourg,WLX,,WEST LUX,,2002,,1
Air Armenia,ARR,QN,AIR ARMENIA,Armenia,2003,10,1
Air Service Gabon,AGB,X7,,Gabon,1965,,5
Armenian International Airways,RML,MV,ARMENIA,,2002,,1
Boutique Air,BTQ,,BOUTIQUE,,,10,
Etihad Airways,ETD,EY,ETIHAD,United Arab Emirates,2003,120,122
Gorkha Airlines,IKA,G1,GORKHA AIRLINES,,1996,10,2
Jeju Air,JJA,7C,JEJU AIR,Korea; Republic of,2005,14,20
Mistral Air,MSA,7M,MISTRAL,,1981,5,10
Rossiya (airline),SDM,FV,RUSSIA,Russian Federation,1934,58,27
Slovak Government Flying Service,SSG,,SLOVAK GOVERNMENT,,1993,,3
Tofino Air,,,TOFINO AIR,,1990,2,8
West Air Sweden,SWN,PT,AIR SWEDEN,Sweden,1955,,18
Command Airways (South Africa),CAH,CT,COMMAND,,1977,6,7
Rotana Jet,RJD,RG,ROTANA,,2010,14,5
Slovakian Airlines,SVL,,SLOVAKIAN,,2011,,1
Toll Aviation,TFX,,TOLL EXPRESS,,,,13
West Atlantic,,,,,2011,,46
Air Astana,KZR,KC,ASTANALINE,Kazakhstan,2001,56,30
Air Seychelles,SEY,HM,SEYCHELLES,Seychelles,1977,10,11
BRA Transportes Aéreos,BRB,B7,BRA-TRANSPAEREOS,,1999,,0
Community Express Airlines,UNI,,,,1993,6,4
Grafair,,,GRAFAIR,,1969,,9
MJET,MJF,,EM-EXPRESS,,2007,,13
Pacific Island Air,,,,,1999,,9
Rovos Air,VOS,,ROVOS,,2002,,2
Slovenian Spirit,STY,Z2,SLOVENIAN,,2003,11,5
Toll Global Express,TFX,,TOLL EXPRESS,,1989,,12
Air Siam,,VG,,,1965,,
ARP 410 Airlines,URP,,AIR-ARP,,1999,,19
CommutAir,UCA,C5,COMMUTAIR,United States,1989,30,22
Layang Layang Aerospace,LAY,,LAYANG,,1995,,
Royal Air,RYL,,,,,,1
Small Planet Airlines,LLC,S5,SMALL PLANET,,,40,18
Air Sinai,ASD,4D,AIR SINAI,Egypt,1982,1,1
ARPA,PAY,A8,ARPA,,,,
Grand Aire Express,GAE,,GRAND EXPRESS,,1985,,
Jet Airways,JAI,9W,JET AIRWAYS,India,1992,73,116
LC Perú,LCB,W4,BUSRE,,1993,10,8
Pacific Pearl Airways,PPM,,PACIFIC PEARL,,2006,4,2
West Coast Air,YWZ,,COAST AIR,,,7,3
Braathens Regional,BRX,DC,BRAATHENS,,1976,,17
Comores Air Services,,,,,,,2
Grand Canyon Airlines,CVU,YR,CANYON VIEW,United States,1927,4,19
Lease Corporation International,LCI,,,,2004,,15
Royal Air Cambodge,RAC,VJ,AIR CAMBODGE,,1956,13,7
Small Planet Airlines (Poland),LLP,P7,SKYPOL,,2009,,9
Air Atlanta Icelandic,ABD,CC,ATLANTA,Iceland,1986,,17
Aruba Airlines,ARU,AG,ARUBA,,2010,4,3
Comores Aviation International,KMZ,O5,COMORES AVIATION INTERNATIONAL,Comoros,1996,7,6
Euro-Asia Air,EAK,5B,EAKAZ,Kazakhstan,,,7
Grand China Air,GDC,CN,GRAND CHINA,,2007,,3
Jet Asia Airways,JAA,JF,JET ASIA,,2009,20,6
Lebanese Air Transport,LAQ,LQ,LAT,,,,
MNG Airlines,MNB,MB,BLACK SEA,Turkey,1996,13,8
Royal Air Freight,RAX,,AIR ROYAL,,1961,,22
Smart Aviation Company,SME,M4,SMART AVIATION,,2007,,6
Air Atlantic,ATL,,,,1985,25,
Air Somalia,RSM,,AIR SOMALIA,,2001,,
Comoro Islands Airline,CIN,,VANILLA,,2008,,1
EuroAtlantic Airways,MMZ,YU,EUROATLANTIC,,1993,2,9
Moçambique Expresso,MXE,,MOZAMBIQUE EXPRESS,,1995,,7
Pacific Sun,FJA,FJ,PAC SUN,,,12,5
Smart Wings,TVS,QS,SKYTRAVEL,Czech Republic,,46,20
Tortug' Air,,,TORTUG AIR,,2003,8,3
West Wind Aviation,WEW,,WESTWIND,,1983,2,28
Air Atlantique,AAG,7M,ATLANTIC,United Kingdom,1969,,
As at liquidation 1 Fokker 100 aircraft,,,,,,,
Braniff International Airways,BNF,BN,BRANIFF,,,54,82
Compagnie Africaine d'Aviation,FPY,BU,AFRICO,Congo; the Democratic Republic of the,1991,21,7
Jet Aviation,PJS,PP,JETAVIATION,Switzerland,1967,,200
Legendary Air,LEG,GB,LEGENDARY,,2015,1,1
Royal Air Maroc,RAM,AT,ROYAL AIR MAROC,Morocco,,94,53
SmartLynx Airlines,ART,,SMART LYNX,,1992,,11
Total Linhas Aéreas,TTL,,TOTAL,,1988,11,10
Westair Benin,,WH,,,2002,11,3
ASACO,,,,,,,1
Branson Air Express,,,,,2010,,
Grant Aviation,GUN,GV,HOOT,United States,,,30
Jet Executive,JEI,,JET EXECUTIVE,,,,6
Pacific Wings,NMI,LW,TSUNAMI,United States,1974,5,8
Royal Air Maroc Express,RXP,,EXPRESS MAROC,,2009,18,5
Smartlynx Airlines Estonia,MYX,,TALLINN CAT,,2012,,8
Toumaï Air Tchad,THE,9D,TOUMAI AIR,Chad,2004,16,1
Aserca Airlines,OCA,R7,ASERCA,Venezuela; Bolivarian Republic of,1968,11,24
Great Lakes Airlines,GLA,ZK,LAKES AIR,United States,,21,28
Jet Express,VXG,G2,AVIREX-GABON,Gabon,1989,,3
Pacificair,,GX,,,1947,,4
Royal Airlines,RPK,R0,ROYAL PAKISTAN,Pakistan,1998,,3
Western Air,WST,WT,WESTERN,,2001,9,15
Asia Airways,ASW,,ASIAWAYS,,,,5
Jet Time,JTG,JO,JETTIME,,2006,53,28
Lesotho Airways,LAI,QL,LESOTOAIR,,1979,16,4
Mokulele Airlines,MKL,MW,MOKULELE,United States,1994,9,15
Royal Aruban Airlines,RYL,V5,ROYAL ARUBAN,,,,
Trade Air,TDR,,TRADE AIR,,1994,,3
Air Austral,REU,UU,REUNION,Réunion,1975,13,8
Asia Atlantic Airlines,AAQ,HB,ASIA ATLANTIC,,2012,2,2
Brava Linhas Aéreas,NHG,N7,HELGA,,2006,9,3
Great Lakes Business Company,,,,,,,
Jet2.com,EXS,LS,CHANNEX,United Kingdom,2002,58,58
Moldavian Airlines,MDV,2M,MOLDAVIAN,Moldova; Republic of,1994,2,1
SNAS Aviation,RSE,,RED SEA,,,,5
Tradewind Aviation,GPD,TJ,GOODSPEED,,2001,10,16
Compass Airlines (North America),CPZ,CP,COMPASS,United States,2006,50,48
Jet-2000,JTT,,MOSCOW JET,,1999,,
LIAT,LIA,LI,LIAT,Antigua and Barbuda,1956,17,12
Mombasa Air Safari,RRV,,SKYROVER,,1985,,2
Pakistan International Airlines,PIA,PK,PAKISTAN,Pakistan,,67,37
Royal Bengal Airline,RRY,,ROYAL BENGAL,,2006,4,1
Snowbird Airlines,SBW,,SNOWMAN,,,7,
Tradewinds Airlines,TDX,WI,TRADEWINDS EXPRESS,United States,,,8
WestJet,WJA,WS,WESTJET,Canada,1996,90,140
Air Bagan,JAB,W9,AIR BAGAN,Myanmar,2004,20,8
Comtel Air,COE,,COMTEL AIR,,,4,2
Eurojet Italia,ERJ,,JET ITALIA,,,,
Liberia Airways,LBA,,LIBERIA AIRWAYS,,,,
Monacair,,,,,1988,,5
PAL Airlines,PCP,,PRINCIPAL,,,6,5
Royal Brunei Airlines,RBA,BI,BRUNEI,Brunei Darussalam,,16,10
WestJet Encore,WEN,WR,ENCORE,,2013,32,22
Eurojet Romania,RDP,,JET-ARROW,,2004,,4
Green Flag Airlines,GRF,,GREEN FLAG AIR,,,,13
Liberty Jet Management,,,,,,,
Monarch Airlines,MON,ZB,MONARCH,United Kingdom,1967,43,35
PAL Express,GAP,,AIRPHIL,,1995,32,22
Royal Daisy Airlines,KDR,6D,DARLINES,Uganda,2005,2,1
Trans Air Benin,TNB,N4,TRANS-BENIN,Benin,2000,,
Weststar Aviation (Malaysia),,,,,2003,,
Air Sunshine,RSI,YI,AIR SUNSHINE,United States,1982,10,3
Asia Pacific Airlines (United States),MGE,P9,MAGELLAN,,1998,9,4
Bridge Airlines,BGE,,BRIDGE AIR,,,,
Condor Flugdienst,CFG,DE,CONDOR,Germany,1955,91,42
Eurolot,ELO,K2,EUROLOT,Poland,,15,15
TUI Fly Belgium,JAF,TB,BEAUTY,Belgium,2003,105,27
Libyan Airlines,LAA,LN,LIBYAN,Libyan Arab Jamahiriya,,22,8
Royal Falcon,RFJ,RL,,,2007,8,2
Trans Air Congo,TSG,Q8,TRANS-CONGO,Congo; the Democratic Republic of the,1994,5,7
Westward Airways (United Kingdom),,,,,,,4
Greenland Express,DNM,J7,DENIM,,2013,5,2
Jetalliance,JAG,,JETALLIANCE,,1996,,14
Royal Flight (airline),ABG,,ABAKAN-AVIA,,2014,,5
Trans Anguilla Airways,,,,,,21,
White Airways,WHT,WI,WHITE JET,,2005,27,9
Air Bee,OBE,BM,AIRBEE,,2007,8,5
Asian Express Airline (Tajikistan),TXP,KV,,,2011,5,3
Bristow Helicopters,BHL,,BRISTOW,United Kingdom,1953,,490
Gregg Air,OXE,,OXOE,,,,
Líder Aviação,,,LID,,1958,,
Mongolian Airlines,MML,MR,,,,10,4
Royal Jet,ROJ,,ROYALJET,,2003,,11
Air Sylhet,SHR,SL,SYLHET,,2007,,1
Asian Wings Airways,AWM,YJ,ASIAN STAR,,2011,14,4
Bristow Norway,BHL,,BRISTOW,,1993,,20
European 2000 Airlines,EUT,,FIESTA,,2005,,2
Grenadine Airways,,,,,,,
JetBlue,JBU,B6,JETBLUE,,,97,211
Palau Pacific Airways,,,PPA,,2014,1,1
Royal Jordanian,RJA,RJ,JORDANIAN,Jordan,1963,60,26
Sol América,ESC,,SOLAMERICA,,1980,4,2
Trans Guyana Airways,TGY,,TRANS GUYANA,,1951,,8
Whitejets,WTJ,W7,WHITEJET,,2010,,0
Air Berlin,BER,AB,AIR BERLIN,Germany,1978,92,127
Air Tahiti,VTA,VT,AIR TAHITI,French Polynesia,1987,48,9
Asiana Airlines,AAR,OZ,ASIANA,Korea; Republic of,,108,85
Brit Air,BZH,DB,BRITAIR,France,1973,32,39
JetBlue Airways,JBU,B6,JETBLUE,United States,,71,172
Lignes Aérienne Seychelles,,,,,1986,,1
Montenegro Airlines,MGX,YM,MONTENEGRO,Montenegro,1994,19,6
Widerøe,WIF,WF,WIDEROE,Norway,1934,47,42
Air Bishkek,EAA,KR,EASTOK,,2004,10,1
Air Tahiti Nui,THT,TN,TAHITI AIRLINES,French Polynesia,,5,5
Askari Aviation,AAS,,AL-AAS,,1995,,16
Griffing Flying Service,,,,,,,
Jetconnect,QNZ,QF,QANTAS,New Zealand,2001,6,8
Lignes Aériennes Congolaises,LCG,6V,CONGOLAISE,Congo; the Democratic Republic of the,,11,6
Palestinian Airlines,PNW,PF,PALESTINIAN,Egypt,1995,9,3
Wiggins Airways,WIG,WG,WIGGINS AIRWAYS,United States,1929,,41
ASKY Airlines,SKK,KP,ASKY AIRLINE,,2008,23,8
European Air Transport Leipzig,BCS,QY,EUROTRANS,,2005,,49
JETGO Australia,JGO,JG,JETGO,,2011,6,3
Lignes Aériennes Congolaises (1997,LCG,,CONGOLAISE,,,,
Palm Aviation,JSP,,,,,,4
Sol Líneas Aéreas,OLS,,FLIGHT SOL,,,13,4
Trans Maldivian Airways,TMW,M8,TRANS MALDIVIAN,Maldives,1989,63,45
Wiking Helikopter Service,WHS,,WEEKING,,1975,,3
Air Botswana,BOT,BP,BOTSWANA,Botswana,1972,7,7
Air Tanzania,ATC,TC,TANZANIA,,,4,3
ASL Airlines Hungary,FAH,,BLUE STRIP,,1990,,
British Airways,BAW,BA,SPEEDBIRD,United Kingdom,1974,188,297
Constanta Airline,UZA,,CONSTANTA,,1994,,7
Groninger Luchtvaart Maatschappij,,,,,2012,2,
Limitless Airways,LIM,,LIMITLESS,,2015,,1
Morningstar Air Express,MAL,,MORNINGSTAR,,1970,,13
Palm Beach Seaplanes,PBS,PB,PALM BEACH,,,,1
Sol Linhas Aéreas,SBA,,SOL,,2008,,1
Trans Nation Airways,TNW,,TRANS-NATION,,2004,,
Wimbi Dira Airways,WDA,9C,WIMBI DIRA,Congo; the Democratic Republic of the,2003,12,1
ASL Airlines Ireland,ABR,AG,CONTRACT,,1972,,26
European Coastal Airlines,ECB,CC,COASTAL CLIPPER,,2000,10,3
Grossmann Jet Service,GSJ,,GROSSJET,,2004,,2
Jetisfaction,,,,,,4,0
Palmair,,,,,1993,14,1
Royal Wings,RYW,RY,ROYAL WINGS,,1996,8,1
Solar Air,SRB,,SOLAR THAI,,2004,8,3
Winair,WIA,WM,WINDWARD,Sint Maarten (Dutch part),1961,11,7
Air Tchad,HTT,HT,HOTEL TANGO,,1966,,
ASL Airlines Switzerland,FAT,,FARNER,,1984,,14
British Airways Ltd (2012,BAT,BA,GHERKIN,,2012,2,2
European Executive,ETV,,EURO EXEC,,2002,4,2
Groupement Aérien Sénégalais,,,,,,,2
JetKonnect,JAI,,JET AIRWAYS,,1991,43,9
Línea Aérea Amaszonas,AZN,Z8,AMASZONAS,Bolivia; Plurinational State of,1998,19,8
Solaseed Air,SNJ,6J,NEWSKY,Japan,2002,8,12
Air Timor,,6C,,,2007,3,0
Eurowings,EWG,EW,EUROWINGS,Germany,1993,48,23
Grozny Avia,GOZ,ZG,GROZNYY AVIA,,,3,6
Línea Aérea Cuencana,LAC,L5,LACECUADOR,,2012,3,1
Moscow Aircraft Overhaul Plant,,,,,1997,,11
Pan African Air Services,PFN,,PANAFRICAN,,,,
Ruili Airlines,RLH,DR,SENDI,,2014,9,4
Solenta Aviation,SET,,SOLENTA,,2002,,33
Trans States Airlines,LOF,AX,WATERSKI,United States,1982,39,51
Air Bucharest,BUR,B1,AIR BUCHAREST,,2010,,1
Air Tindi,TID,,DISCOVERY,Canada,1988,6,32
Aspiring Air,,OI,ASPIRING,,,,4
EVA Air,EVA,BR,EVA,Taiwan; Republic of China,1989,74,63
Gryphon Airlines,VOS,Y3,,,,7,4
JetLite,JLL,S2,LITE JET,India,,30,19
Línea Aérea de Entre Ríos,,,LAER,,1967,6,3
Moscow Airlines,MOA,,MOSCOW AIRLINES,,,12,15
Pan African Airlines,,PF,,,,,
RUS Aviation,RLB,R4,RELIABLE,,1999,9,3
Solinair,SOP,,SOLINAIR,,1991,5,3
Windrose Air,QGA,,QUADRIGA,,,,16
Air Burkina,VBW,2J,BURKINA,Burkina Faso,1967,10,2
Associated Aviation,SCD,,ASSOCIATED,,1996,,3
Evelop Airlines,EVE,E9,EVELOP,,2013,34,2
Línea Turística Aereotuy,TUY,LD,AEREOTUY,Venezuela; Bolivarian Republic of,1982,10,8
PAN Air,PNR,PV,SKYJET,Spain,1987,,8
RusAir,CGI,,CGI,,1994,,2
Sólyom Hungarian Airways,HUN,,HUNGARIAN,,2013,,1
Transaero,TSO,UN,TRANSOVIET,,1990,156,97
Windrose Airlines,WRC,7W,WIND ROSE,Ukraine,2003,10,10
Air Burundi,PBU,,AIR-BURUNDI,,1971,,2
ASTA Linhas Aéreas,,,,,2009,7,3
Guine Bissau Airlines,BSR,G6,BISSAU AIRLINES,,,,
Linear Air,HPN,,HARPOON,,2004,,6
Moskovia Airlines,GAI,3R,GROMOV AIRLINE,Russian Federation,1995,,15
RusLine,RLU,,RUSLINE AIR,,1999,30,18
Somali Airlines,SOM,HH,SOMALAIR,,1964,,
Transaero Airlines,TSO,UN,TRANSOVIET,Russian Federation,,109,78
Wingo xprs,,,,,2007,6,1
Air Busan,ABL,BX,AIR BUSAN,,2007,14,14
Air Transat,TSC,TS,TRANSAT,Canada,1986,82,25
Guine Bissau Airlines (2002),BSR,G6,,,2002,,
Mosphil Aero,MPI,,MOSPHIL,,2005,4,1
Somon Air,SMR,SZ,SOMON AIR,,2007,20,6
Wings Air,WON,1W,WINGS ABADI,Indonesia,,24,17
Air Transport International,ATN,8C,AIR TRANSPORT,United States,1978,,12
Astra Airlines,AZI,A2,GREEK STAR,,,22,5
Everts Air,VTS,3Z,EVERTS,United States,1978,,18
Guinea Ecuatorial Airlines,GEA,,GEASA,,1996,,4
Jetstar Airways,JST,JQ,JETSTAR,Australia,2003,35,71
Motor Sich Airlines,MSI,M9,MOTOR SICH,Ukraine,1984,4,13
SonAir,SOR,,SONAIR,,1998,7,42
Air Cairo,MSC,SM,AIR CAIRO,,2003,,6
Air Tropiques,,,,,2001,,7
Guinee Air Service,GIS,,GASS,,,,
Jetstar Asia Airways,JSA,3K,JETSTAR ASIA,Singapore,2004,21,18
Líneas Aéreas Federales,FED,,FEDERALES,,2003,,
Mount Cook Airline,NZM,NM,MOUNTCOOK,,1920,14,18
RUTACA Airlines,RUC,RZ,RUTACA,,1974,5,14
Transair Georgia,,,,,,,
Air Trust,RTR,,,,2009,,5
British Gulf International Airlines,BGI,,BRITISH GULF,,,,5
Evolavia,,,,,,,
Jetstar Hong Kong,JKT,JM,KAITAK,,2012,,
RVL Aviation,REV,,ENDURANCE,,1985,,15
Songbird Airways,SGB,,SONGBIRD,,1990,7,1
Wings Aviation,TWD,,TRADEWINGS,,,,
Air Calédonie,TPC,TY,AIRCAL,New Caledonia,1954,9,4
British International Helicopters,BIH,BS,BRINTEL,United Kingdom,2000,3,25
Conviasa,VCV,V0,CONVIASA,Venezuela; Bolivarian Republic of,2004,22,27
Guizhou Airlines,CGH,G4,GUIZHOU,,1991,,4
Jetstar Japan,JJP,GK,ORANGE LINER,,2011,12,20
Mountain Air (New Zealand),,,,,1988,,2
RwandAir,RWD,WB,RWANDAIR,Rwanda,2002,18,8
TransAsia Airways,TNA,GE,TRANSASIA,Taiwan; Republic of China,1951,33,22
Wings of Alaska,SQH,K5,SASQUATCH,,1982,5,6
Air Turks and Caicos,IWY,JY,ISLANDWAYS,,,12,6
Copa Airlines,CMP,CM,COPA,Panama,1944,74,82
Executive Aerospace,EAS,,AEROSPACE,,1984,,6
Jetstar Pacific Airlines,PIC,BL,PACIFIC,Viet Nam,1990,13,10
Pan Européenne Air Service,PEA,,PEACH,,1977,,6
Ryan Air Services,RYA,,RYAN AIR,,1953,,14
Transavia,TRA,HV,TRANSAVIA,,1966,88,35
Wings of Bornholm,ETS,,EXTRANS,,2009,2,1
Air Canada,ACA,AC,AIR CANADA,Canada,1937,182,176
Ata Airlines,TBZ,I3,ATALAR,,,12,9
Copa Airlines Colombia,RPB,P5,AEROREPUBLICA,Colombia,1992,20,18
Gulf Air,GFA,GF,GULF AIR,,1950,43,28
Líneas Aéreas Privadas Argentinas,LPR,MJ,LAPA,,,19,5
Wings of Lebanon,WLB,W7,WINGS LEBANON,,,20,4
Air Canada Rouge,ROU,RV,ROUGE,,2012,49,34
Air Uganda,UGA,U7,UGANDA,,2007,9,0
ATA Airlines (Iran),TBZ,I3,ATALAR,,2010,12,10
Copenhagen Air Taxi,CAT,,AIRCAT,,,,
Executive Airlines (Spain),EXU,,SACAIR,,,,11
Gulf Air Bahrain,GBA,GF,GULF BAHRAIN,Bahrain,,6,10
JetSuite,RSP,,REDSTRIPE,,2006,,
Líneas Aéreas Suramericanas,LAU,,SURAMERICANO,,1972,27,8
MSR Flug-Charter,EBF,,SKYRUNNER,,,,
Sounds Air,SDA,S8,SOUNDSAIR,,1986,7,8
Copenhagen AirTaxi,CAT,,AIRCAT,,,,
Exin,EXN,,EXIN,,1991,,4
JetSul,,,,,1993,,
Mustique Airways,MAW,,MUSTIQUE,,,,
PANH,PAN,PA,PANH,,2013,,4
Ryanair,RYR,FR,RYANAIR,Ireland,1985,191,319
South African Airways,SAA,SA,SPRINGBOK,South Africa,1934,42,65
Transavia France,TVF,TO,FRANCE SOLEIL,,2006,30,21
Air Caraïbes,FWI,TX,FRENCH WEST,Guadeloupe,1969,13,8
Expedition Airways,XPD,FO,EXPEDITION,,,,
Gulf Helicopters,DOH,,,,1970,,37
RyanAtlantic,,,,,,,
South African Express,EXY,XZ,EXPRESSWAYS,South Africa,1994,19,24
Transavia.com,TRA,HV,TRANSAVIA,,,88,32
Wizz Air,WZZ,W6,WIZZ AIR,Hungary,2003,108,63
Air Caraïbes Atlantique,CAJ,TX,CAR LINE,,,4,4
Coral Sun Airways,,,CORAL SUN,,2009,,2
Exploits Valley Air Services,,,EVAS,,,5,23
Jhonlin Air Transport,JLB,,JHONLIN,,2011,4,4
Myanma Airways,UBA,UB,UNIONAIR,Myanmar,,32,12
South African Red Cross Air Mercy Service,AMD,,MERCYWINGS,,1966,,
Transavia.com France,TVF,TO,FRANCE SOLEIL,,,30,10
Atlantic Air Lift,HGH,,HIGHER,,2005,2,1
British Regional Airlines,BRT,TH,BRITISH,,1996,,56
Corendon Airlines,CAI,XC,CORENDON,,,,13
Expo Aviation,EXV,8D,EXPOAVIA,Sri Lanka,,,6
Jin Air,JNA,LJ,JIN AIR,Korea; Republic of,2008,36,16
Myanmar Airways International,MMA,8M,MYANMAR,,1946,9,13
Papua Indonesia Air System,,,,,2003,,
TransAVIAexport Airlines,TXC,AL,TRANSEXPORT,Belarus,1992,,6
Air Urga,URG,3N,URGA,Ukraine,1993,4,20
Corendon Dutch Airlines,CND,CD,DUTCH CORENDON,,2010,15,4
Express Air,XAR,XN,TRAVEL EXPRESS,,,37,12
Gum Air,GUM,,GUMAIR,,1972,,12
Myanmar National Airlines,UBA,UB,UNIONAIR,,1948,27,12
Ryukyu Air Commuter,RAC,,RYUKYU,,1985,10,5
Wolverine Air,,,,,1972,,6
Air Vallée,RVL,VK,AIR VALLEE,Italy,1987,9,2
Atlantic Airlines (United Kingdom),NPT,,NEPTUNE,,2001,,23
Corporate Air,CPT,OJ,AIR SPUR,,1981,,40
Express Freighters Australia,EFA,,EXPRESS FREIGHT,,2006,,4
Johnsons Air,JON,,JOHNSONS AIR,,,,3
S7 Airlines,SBI,S7,SIBERIAN AIRLINES,Russian Federation,1992,87,58
South East Asian Airlines,SRQ,DG,SEAIR,Philippines,,11,7
Transcarga,TIW,T7,TIACA,Venezuela; Bolivarian Republic of,1998,18,12
Wondair,WNR,,WONDAIR,,,,
Express One International,LHN,EO,LONGHORN,United States,1983,,1
Jordan Aviation,JAV,R5,JORDAN AVIATION,Jordan,1998,6,12
Link Air Express,LKX,,MUTTLEY,,,2,4
Mýflug,MYA,,MYFLUG,,1985,,4
South East Asian Airlines International,,XO,,,,3,2
